mavpackettype,TimeUS,GyrX,GyrY,GyrZ,AccX,AccY,AccZ,EG,EA,T,GH,AH,GHz,AHz
IMU,46831502,-0.006370241753757,9.237568156095222e-05,0.0006467073690146208,-0.1952514946460724,-0.13488326966762543,-9.77143669128418,0,0,55.054840087890625,1,1,998,998
IMU,46870681,-0.005606330931186676,0.00019511289428919554,0.0020952224731445312,-0.20004287362098694,-0.1363353431224823,-9.777207374572754,0,0,55.059165954589844,1,1,998,998
IMU,46911174,-0.005739083047956228,-0.0005714392173103988,0.001189462374895811,-0.18939119577407837,-0.11897581815719604,-9.773050308227539,0,0,55.063575744628906,1,1,998,998
IMU,46951067,-0.0064278338104486465,-0.00028159903013147414,0.0006429440109059215,-0.1992296278476715,-0.14246051013469696,-9.784862518310547,0,0,55.06776428222656,1,1,998,998
IMU,46991697,-0.006536050233989954,5.216710633249022e-05,0.0014755352167412639,-0.1932796686887741,-0.15659242868423462,-9.789710998535156,0,0,55.071128845214844,1,1,998,998
IMU,47032281,-0.006427731830626726,-0.0009096647263504565,-0.019013261422514915,-0.19711150228977203,-0.05632539093494415,-9.784783363342285,0,0,55.072166442871094,1,1,998,998
IMU,47072322,-0.0029657871928066015,0.002979324199259281,-0.011366326361894608,-0.1929803043603897,-0.1979295015335083,-9.664705276489258,0,0,55.070716857910156,1,1,998,998
IMU,47112707,-0.005287382286041975,0.0025642039254307747,-0.0041459305211901665,-0.13617274165153503,-0.09733039885759354,-9.79909896850586,0,0,55.070518493652344,1,1,998,998
IMU,47152746,-0.006802225951105356,0.005678398534655571,0.014090951532125473,-0.08892756700515747,-0.26569172739982605,-9.750978469848633,0,0,55.0703239440918,1,1,998,998
IMU,47193659,-0.005198296159505844,-0.0007725173491053283,0.002838789951056242,-0.17715942859649658,-0.05677036941051483,-9.757593154907227,0,0,55.06992721557617,1,1,998,998
IMU,47233491,-0.0062641967087984085,0.0017220715526491404,0.009303945116698742,-0.5399436354637146,-0.4027455449104309,-9.781474113464355,0,0,55.07027816772461,1,1,998,998
IMU,47273463,-0.009635984897613525,0.0007500904612243176,0.0004296955594327301,0.04071766883134842,-0.19463476538658142,-9.755671501159668,0,0,55.07100296020508,1,1,998,998
IMU,47314499,-0.007634666748344898,-0.0009333455236628652,0.011892823502421379,-0.1544870287179947,-0.5286334753036499,-9.756149291992188,0,0,55.072837829589844,1,1,998,998
IMU,47354530,-0.008756076917052269,-0.0010654345387592912,0.09646189957857132,0.05124897509813309,-0.40782418847084045,-9.78342056274414,0,0,55.07554244995117,1,1,998,998
IMU,47395341,-0.011480145156383514,0.0007726557087153196,0.1699373424053192,-0.09029979258775711,-0.39236053824424744,-9.86446475982666,0,0,55.078712463378906,1,1,998,998
IMU,47434754,-0.006865493021905422,-0.003234465140849352,0.180087149143219,0.006769170053303242,-0.33023086190223694,-9.971699714660645,0,0,55.08196258544922,1,1,998,998
IMU,47474745,-0.003936379682272673,0.004729480482637882,0.03867434710264206,-0.3268391489982605,0.5294907093048096,-9.910863876342773,0,0,55.08499526977539,1,1,998,998
IMU,47515518,-0.004517669789493084,0.0030740154907107353,-0.06471837311983109,-0.18664856255054474,0.01143341138958931,-9.913597106933594,0,0,55.08787536621094,1,1,998,998
IMU,47555612,-0.013738480396568775,-0.006024924106895924,-0.09246019273996353,-0.10177244246006012,-0.08598922193050385,-9.99953842163086,0,0,55.09086990356445,1,1,998,998
IMU,47596253,-0.006331019103527069,-0.00940575823187828,-0.008832964114844799,-0.18721520900726318,-0.5333572626113892,-9.750249862670898,0,0,55.093162536621094,1,1,998,998
IMU,47636132,-0.01379014179110527,-0.015066411346197128,-0.008186467923223972,-0.2232610583305359,-0.41736939549446106,-9.863199234008789,0,0,55.09574508666992,1,1,998,998
IMU,47676097,0.0023344168439507484,-0.020356161519885063,0.08514831960201263,-0.33637019991874695,-0.6391403675079346,-9.949443817138672,0,0,55.09798812866211,1,1,998,998
IMU,47716678,-0.004220010247081518,-0.011155582964420319,0.03138142451643944,-0.30708834528923035,-0.20269013941287994,-9.799861907958984,0,0,55.099891662597656,1,1,998,998
IMU,47756607,-0.004502366296947002,0.030372049659490585,0.0336339958012104,-0.3921354413032532,0.1425623893737793,-9.6287841796875,0,0,55.10175323486328,1,1,998,998
IMU,47797394,-0.03245524689555168,-0.003583301557227969,-0.02158885821700096,0.06259384751319885,-0.25066080689430237,-9.837254524230957,0,0,55.1038703918457,1,1,998,998
IMU,47836724,0.01186747569590807,-0.019835911691188812,-0.09494799375534058,-0.4077472686767578,0.49508342146873474,-9.942049980163574,0,0,55.106224060058594,1,1,998,998
IMU,47876589,0.07071051746606827,-0.07431060075759888,0.05614183843135834,0.34243959188461304,1.3862800598144531,-9.412365913391113,0,0,55.10958480834961,1,1,998,998
IMU,47917082,0.009658596478402615,0.0533897802233696,-0.0582646019756794,-1.473966121673584,-1.8416390419006348,-9.717577934265137,0,0,55.11333465576172,1,1,998,998
IMU,47957082,0.012317223474383354,0.016004059463739395,0.04816462844610214,-0.29143309593200684,-0.4230169951915741,-9.581581115722656,0,0,55.116031646728516,1,1,998,998
IMU,47997624,-0.029183046892285347,-0.020220879465341568,0.0430900864303112,0.09702414274215698,-1.061916708946228,-9.753210067749023,0,0,55.118045806884766,1,1,998,998
IMU,48038302,-0.03250375762581825,-0.06752035021781921,0.017918583005666733,1.7569291591644287,-1.3979244232177734,-10.077221870422363,0,0,55.12001037597656,1,1,998,998
IMU,48078273,-0.04699601233005524,-0.024935878813266754,-0.0032566851004958153,-0.7239857912063599,0.14297837018966675,-9.90137767791748,0,0,55.122100830078125,1,1,998,998
IMU,48118701,-0.012461617588996887,-0.05013735592365265,0.03317486122250557,0.42352545261383057,1.4402720928192139,-9.040711402893066,0,0,55.12509536743164,1,1,998,998
IMU,48158800,-0.03801598399877548,0.01842489093542099,-0.0002677907468751073,-0.45812833309173584,-0.4680047929286957,-9.832006454467773,0,0,55.12798309326172,1,1,998,998
IMU,48199529,-0.06683094054460526,-0.08203253149986267,0.12750829756259918,1.2100849151611328,-1.2287551164627075,-9.847760200500488,0,0,55.13132858276367,1,1,998,998
IMU,48238713,-0.023483414202928543,0.03708599880337715,0.024763111025094986,-0.7042657136917114,-0.2563759386539459,-10.381678581237793,0,0,55.1346435546875,1,1,998,998
IMU,48278766,0.009232882410287857,0.00908053107559681,0.007122731767594814,-0.3996894061565399,-1.3318829536437988,-10.315835952758789,0,0,55.136878967285156,1,1,998,998
IMU,48320556,-0.017361953854560852,0.012442464008927345,-0.009972237050533295,-0.49611762166023254,-0.49003127217292786,-9.595243453979492,0,0,55.13728332519531,1,1,998,998
IMU,48360277,0.03652527555823326,0.01762460544705391,-0.055607832968235016,-1.4827561378479004,2.1005678176879883,-8.205160140991211,0,0,55.13811111450195,1,1,998,998
IMU,48400749,-0.027964428067207336,0.018071386963129044,-0.007910766638815403,-0.43564555048942566,-0.4262440800666809,-9.812094688415527,0,0,55.13911819458008,1,1,998,998
IMU,48441575,-0.050869278609752655,-0.09506724774837494,0.09394542872905731,1.430162787437439,-1.8780268430709839,-10.923870086669922,0,0,55.14174270629883,1,1,998,998
IMU,48481588,0.01009519211947918,0.0018164324574172497,-0.025932885706424713,0.3702368140220642,0.6119340658187866,-10.537109375,0,0,55.144283294677734,1,1,998,998
IMU,48521740,0.05385039001703262,0.0671209767460823,-0.048397909849882126,-1.563169240951538,-0.1990509033203125,-9.738801956176758,0,0,55.145729064941406,1,1,998,998
IMU,48561690,-0.030406123027205467,0.028831996023654938,0.026832710951566696,-0.5579806566238403,-0.8079819083213806,-9.638782501220703,0,0,55.14592742919922,1,1,998,998
IMU,48602284,-0.01022141333669424,-0.05353580415248871,0.034834228456020355,0.19058385491371155,0.3977624177932739,-8.642898559570312,0,0,55.146121978759766,1,1,998,998
IMU,48642297,0.022592928260564804,-0.024779047816991806,-0.06221805512905121,0.5180991888046265,0.2555719316005707,-10.644169807434082,0,0,55.14654541015625,1,1,998,998
IMU,48682395,0.057938352227211,0.06532701104879379,-0.04724041745066643,-1.4136260747909546,-0.34040719270706177,-9.990236282348633,0,0,55.14731216430664,1,1,998,998
IMU,48723027,-0.02017311193048954,0.002023728098720312,-0.005365864373743534,-0.2174907773733139,-0.23541580140590668,-9.494009971618652,0,0,55.148983001708984,1,1,998,998
IMU,48763067,-0.048284098505973816,-0.06049593538045883,0.11453728377819061,0.65021812915802,-0.7074890732765198,-9.79927921295166,0,0,55.151241302490234,1,1,998,998
IMU,48803588,0.009079254232347012,0.009597853757441044,-0.07776638865470886,-0.008802235126495361,0.4078010320663452,-10.214527130126953,0,0,55.1537971496582,1,1,998,998
IMU,48843539,0.07289557158946991,0.09793002903461456,-0.07895804196596146,-1.6971513032913208,0.07795706391334534,-9.446111679077148,0,0,55.15730285644531,1,1,998,998
IMU,48883555,-0.014758453704416752,0.00771300820633769,0.002002883469685912,-0.1270809769630432,0.2918315529823303,-9.005499839782715,0,0,55.15995788574219,1,1,998,998
IMU,48923746,-0.005916105583310127,-0.03339054435491562,-0.008282634429633617,0.05607207119464874,0.9066652059555054,-9.09630298614502,0,0,55.160491943359375,1,1,998,998
IMU,48963770,-0.025684799998998642,0.001668049837462604,-0.07848392426967621,-0.635077714920044,-0.39591318368911743,-9.700876235961914,0,0,55.161354064941406,1,1,998,998
IMU,49004449,-0.03636777400970459,-0.06923869997262955,0.09839773923158646,0.5838130116462708,-2.8105132579803467,-11.133392333984375,0,0,55.16264343261719,1,1,998,998
IMU,49045598,0.006308945827186108,-0.005209361203014851,0.01475814450532198,-0.3338470160961151,0.14677180349826813,-9.927022933959961,0,0,55.16389846801758,1,1,998,998
IMU,49085618,0.007936902344226837,0.011552863754332066,-0.008402124047279358,-0.04170478880405426,1.6549683809280396,-8.935454368591309,0,0,55.16400146484375,1,1,998,998
IMU,49126517,-0.013529527001082897,-0.011399276554584503,-0.07538430392742157,-0.8657444715499878,0.8090078830718994,-8.809710502624512,0,0,55.163021087646484,1,1,998,998
IMU,49166413,-0.049875322729349136,-0.04937274754047394,0.10445363819599152,0.18875786662101746,-2.6283435821533203,-10.94602108001709,0,0,55.1632080078125,1,1,998,998
IMU,49207207,-0.03452432155609131,-0.06371510028839111,0.07244586944580078,0.8241800665855408,-1.357843041419983,-10.67437744140625,0,0,55.163211822509766,1,1,998,998
IMU,49246837,0.054274726659059525,0.011545427143573761,-0.0692066103219986,-0.16346454620361328,1.7390029430389404,-10.185470581054688,0,0,55.16461944580078,1,1,998,998
IMU,49286927,0.050068777054548264,0.09353408962488174,-0.0910528153181076,-1.6252979040145874,-0.2092939019203186,-9.601414680480957,0,0,55.16586685180664,1,1,998,998
IMU,49327651,-0.06227488070726395,-0.05384724959731102,0.07963679730892181,-0.05302385240793228,-0.9220765233039856,-9.893784523010254,0,0,55.167449951171875,1,1,998,998
IMU,49367589,-0.05897390842437744,-0.05843774229288101,0.12176837027072906,0.6020901799201965,-0.990313708782196,-9.772305488586426,0,0,55.169639587402344,1,1,998,998
IMU,49408294,-0.0006837602704763412,-0.0017768139950931072,-0.09172322601079941,0.08698831498622894,0.1704724282026291,-10.14525318145752,0,0,55.172080993652344,1,1,998,998
IMU,49448368,0.007756344974040985,0.02684001810848713,-0.01192030031234026,-0.7533769607543945,-2.1792702674865723,-10.896356582641602,0,0,55.17436218261719,1,1,998,998
IMU,49488343,0.008122687228024006,-0.018689008429646492,0.007112654857337475,-0.010892026126384735,-0.0865045115351677,-9.94308090209961,0,0,55.17733383178711,1,1,998,998
IMU,49528861,-0.02961600199341774,-0.04635528475046158,0.09784796833992004,0.6952205300331116,0.23678460717201233,-9.257874488830566,0,0,55.17996597290039,1,1,998,998
IMU,49568731,-0.015306656248867512,-0.02429461106657982,-0.05846458673477173,0.1055249273777008,0.477807879447937,-10.00024127960205,0,0,55.1814079284668,1,1,998,998
IMU,49609685,-0.02915678173303604,0.008506287820637226,0.05587923899292946,-0.7874912619590759,-2.0241994857788086,-10.647270202636719,0,0,55.18355178833008,1,1,998,998
IMU,49649704,-0.008036347106099129,-0.009158340282738209,0.03255279362201691,-0.129424586892128,-1.2095013856887817,-10.632478713989258,0,0,55.18635559082031,1,1,998,998
IMU,49689820,0.03606634959578514,0.027446607127785683,0.003519033081829548,-0.2742501497268677,1.413766860961914,-9.121644973754883,0,0,55.18854904174805,1,1,998,998
IMU,49730391,0.056416042149066925,0.06539498269557953,-0.12697654962539673,-1.1013500690460205,1.4207968711853027,-9.201788902282715,0,0,55.190059661865234,1,1,998,998
IMU,49770473,-0.051303714513778687,0.030052848160266876,0.004615809768438339,-1.0149385929107666,-0.7697004675865173,-9.553426742553711,0,0,55.18985366821289,1,1,998,998
IMU,49811119,-0.017204636707901955,-0.07029832154512405,0.05398261174559593,0.39823415875434875,1.1750619411468506,-9.068418502807617,0,0,55.189754486083984,1,1,998,998
IMU,49851482,-0.004612439312040806,-0.03451105207204819,0.003453953191637993,0.565861165523529,-0.5831817388534546,-9.89851188659668,0,0,55.190032958984375,1,1,998,998
IMU,49891420,0.055153023451566696,0.014092259109020233,-0.029567932710051537,-0.40929925441741943,0.29539018869400024,-10.6978759765625,0,0,55.19013977050781,1,1,998,998
IMU,49932141,0.04216235503554344,0.0863937959074974,-0.057223424315452576,-1.2485136985778809,0.526584804058075,-9.34231948852539,0,0,55.190345764160156,1,1,998,998
IMU,49971862,-0.044374980032444,-0.011709107086062431,-0.0007377909496426582,-0.35342445969581604,-0.5251886248588562,-9.720321655273438,0,0,55.1905403137207,1,1,998,998
IMU,50012683,-0.04644826799631119,-0.06594783812761307,0.12616483867168427,0.6776976585388184,-0.5842862129211426,-9.52442455291748,0,0,55.19083786010742,1,1,998,998
IMU,50053715,-0.026136327534914017,-0.016301646828651428,0.013008070178329945,0.6456196308135986,-0.43919360637664795,-10.660993576049805,0,0,55.191856384277344,1,1,998,998
IMU,50093796,0.06400024145841599,0.07743404805660248,-0.1042773425579071,-1.7157478332519531,0.9955040216445923,-8.948779106140137,0,0,55.19307327270508,1,1,998,998
IMU,50134398,-0.0004650603514164686,0.056330546736717224,-0.02821548469364643,-1.2082194089889526,-0.15235891938209534,-9.128999710083008,0,0,55.195716857910156,1,1,998,998
IMU,50174416,-0.03735070303082466,-0.09104131162166595,0.1566230058670044,1.0191197395324707,-0.8741224408149719,-10.057451248168945,0,0,55.199188232421875,1,1,998,998
IMU,50214843,-0.03775927051901817,-0.02272477187216282,0.0027728192508220673,0.43505120277404785,-0.16922304034233093,-10.374711990356445,0,0,55.202152252197266,1,1,998,998
IMU,50255151,0.04960927367210388,0.05951059237122536,-0.0634571835398674,-1.257385492324829,1.1601520776748657,-9.533076286315918,0,0,55.204715728759766,1,1,998,998
IMU,50294833,0.014459836296737194,0.07522788643836975,-0.0015057893469929695,-1.348099946975708,-0.6736510992050171,-9.482919692993164,0,0,55.207130432128906,1,1,998,998
IMU,50336197,-0.025247875601053238,-0.07709535956382751,0.05838865041732788,0.8803972005844116,-0.4258873164653778,-9.853553771972656,0,0,55.20957565307617,1,1,998,998
IMU,50376145,0.009994444437325,-0.021971475332975388,-0.07198174297809601,0.19417789578437805,0.6086547374725342,-9.437171936035156,0,0,55.212257385253906,1,1,998,998
IMU,50417093,-0.01782899722456932,-0.046229101717472076,0.012477386742830276,0.13743779063224792,-2.2334725856781006,-11.01966667175293,0,0,55.213844299316406,1,1,998,998
IMU,50457069,-0.024266377091407776,0.0014945999719202518,-0.011741198599338531,0.6654436588287354,-0.469417005777359,-10.396733283996582,0,0,55.21562194824219,1,1,998,998
IMU,50497180,0.04373457655310631,0.027213674038648605,-0.017670268192887306,-0.6178487539291382,1.9246830940246582,-8.810781478881836,0,0,55.21787643432617,1,1,998,998
IMU,50537562,-0.0464303083717823,0.016652921214699745,-0.035718582570552826,-1.086563229560852,-0.38712024688720703,-9.618188858032227,0,0,55.220088958740234,1,1,998,998
IMU,50577437,-0.050706200301647186,-0.09092540293931961,0.14099480211734772,1.093604564666748,-2.1762421131134033,-10.640900611877441,0,0,55.22240447998047,1,1,998,998
IMU,50618225,-0.007418515160679817,0.03219190612435341,0.018707275390625,-0.6384397149085999,0.1441154181957245,-9.96039867401123,0,0,55.22421646118164,1,1,998,998
IMU,50658349,0.0533122718334198,0.07271559536457062,-0.057767655700445175,-1.1413072347640991,0.5313367247581482,-9.23660659790039,0,0,55.22502517700195,1,1,998,998
IMU,50698283,-0.048155777156353,-0.005240824073553085,-0.026822924613952637,-0.34895485639572144,-0.9016938209533691,-9.716931343078613,0,0,55.22692108154297,1,1,998,998
IMU,50738828,-0.04746526852250099,-0.06288877129554749,0.04749034345149994,1.5451526641845703,-1.1127694845199585,-10.32750415802002,0,0,55.229129791259766,1,1,998,998
IMU,50778788,0.041023992002010345,0.060843709856271744,0.02005407027900219,-1.3902894258499146,1.0154480934143066,-10.129576683044434,0,0,55.23119354248047,1,1,998,998
IMU,50819546,0.003077569417655468,0.06681583821773529,0.029848270118236542,-0.9074104428291321,-0.6183453798294067,-9.278850555419922,0,0,55.233123779296875,1,1,998,998
IMU,50860117,-0.04053111374378204,-0.06974157691001892,0.04948906973004341,0.7899363040924072,-0.6357305645942688,-10.21633529663086,0,0,55.23545837402344,1,1,998,998
IMU,50900196,0.0147544639185071,-0.015941651538014412,-0.06361479312181473,0.35874712467193604,0.7206941843032837,-9.835897445678711,0,0,55.23618698120117,1,1,998,998
IMU,50940734,-0.0029803067445755005,-0.014114517718553543,0.014590919017791748,-0.2057158350944519,-1.7499446868896484,-11.174131393432617,0,0,55.237396240234375,1,1,998,998
IMU,50980517,-0.012696036137640476,0.03293931856751442,-0.0010708095505833626,0.0006429757922887802,1.0759265422821045,-9.373262405395508,0,0,55.23937225341797,1,1,998,998
IMU,51021197,0.009281027130782604,0.01885213330388069,-0.07557453960180283,-0.7819363474845886,1.0662422180175781,-8.48941707611084,0,0,55.24135208129883,1,1,998,998
IMU,51062073,-0.028160475194454193,0.019833648577332497,0.018224215134978294,-1.1446287631988525,-1.2791638374328613,-10.73585319519043,0,0,55.24195098876953,1,1,998,998
IMU,51101809,-0.0089784637093544,0.006619722116738558,0.05967514216899872,0.13012570142745972,-1.0678143501281738,-10.222380638122559,0,0,55.240516662597656,1,1,998,998
IMU,51142037,-0.012034079991281033,-0.019489843398332596,0.027782060205936432,0.18360432982444763,0.4759180247783661,-8.893848419189453,0,0,55.239768981933594,1,1,998,998
IMU,51181841,0.011484541930258274,-0.019096877425909042,-0.09904170781373978,-0.5572637319564819,0.32842883467674255,-9.128965377807617,0,0,55.239871978759766,1,1,998,998
IMU,51222661,-0.027930865064263344,-0.05318330228328705,0.06474245339632034,0.22506752610206604,-2.243690252304077,-11.511553764343262,0,0,55.24055480957031,1,1,998,998
IMU,51262371,-0.005805830005556345,-0.005736165679991245,0.004040502477437258,0.22473518550395966,0.09214052557945251,-9.871641159057617,0,0,55.24210739135742,1,1,998,998
IMU,51302366,-0.0017702244222164154,-0.02158217877149582,0.014710827730596066,0.004578553140163422,1.0410820245742798,-8.909997940063477,0,0,55.24354934692383,1,1,998,998
IMU,51343326,-0.0004925457760691643,0.00830138474702835,-0.05468489229679108,-0.17437827587127686,0.3705376088619232,-10.267522811889648,0,0,55.244319915771484,1,1,998,998
IMU,51383432,0.0026397360488772392,0.03582189232110977,0.015557611361145973,-1.0897282361984253,-1.7427668571472168,-10.476506233215332,0,0,55.24524688720703,1,1,998,998
IMU,51423780,-0.007676251232624054,-0.003291032277047634,0.0036405690480023623,0.03930547088384628,0.08868114650249481,-8.766646385192871,0,0,55.24681854248047,1,1,998,998
IMU,51463664,0.013596244156360626,-0.006168006453663111,-0.04322262853384018,-0.459839791059494,0.6281424164772034,-9.064560890197754,0,0,55.2492790222168,1,1,998,998
IMU,51503704,-0.010760803706943989,-0.03326405957341194,0.029109204187989235,-0.2696523368358612,-1.530287265777588,-10.863472938537598,0,0,55.253028869628906,1,1,998,998
IMU,51544495,-0.01811494305729866,-0.03511257842183113,-0.03456227481365204,1.1644834280014038,0.16637587547302246,-10.44113540649414,0,0,55.257083892822266,1,1,998,998
IMU,51584289,0.08592820912599564,0.08237583190202713,-0.05683375895023346,-1.8983349800109863,1.6919068098068237,-8.98343276977539,0,0,55.26066207885742,1,1,998,998
IMU,51624828,-0.06034146621823311,0.02857767418026924,0.047659218311309814,-0.7418466806411743,-0.7615222930908203,-9.079790115356445,0,0,55.26411437988281,1,1,998,998
IMU,51664616,-0.062050238251686096,-0.045849185436964035,0.07556203007698059,0.5851637125015259,-1.0124504566192627,-11.249113082885742,0,0,55.26766586303711,1,1,998,998
IMU,51704768,-0.004493962042033672,0.024797389283776283,-0.03507146239280701,-0.2879266142845154,-0.06104022637009621,-9.46489143371582,0,0,55.27060317993164,1,1,998,998
IMU,51745044,0.013633949682116508,-0.014082323759794235,0.006742650642991066,-0.3139788508415222,0.6136979460716248,-8.849861145019531,0,0,55.273746490478516,1,1,998,998
IMU,51784755,0.013141319155693054,0.016954824328422546,-0.04566168785095215,-0.5125490427017212,0.1698225736618042,-10.04736614227295,0,0,55.27619552612305,1,1,998,998
IMU,51825445,-0.033676568418741226,-0.040486887097358704,0.009149737656116486,0.6342213153839111,-1.6168403625488281,-10.983652114868164,0,0,55.27827835083008,1,1,998,998
IMU,51865634,0.03986068814992905,0.04123944044113159,0.01800697110593319,-0.7581169605255127,1.8454993963241577,-8.737804412841797,0,0,55.28029251098633,1,1,998,998
IMU,51905450,-0.007981142960488796,0.02420654147863388,-0.03214069455862045,-0.7451221942901611,0.5806997418403625,-8.956159591674805,0,0,55.28230285644531,1,1,998,998
IMU,51946120,-0.05064728856086731,-0.015801459550857544,0.06423253566026688,-0.64658123254776,-2.02238392829895,-10.70550537109375,0,0,55.2851448059082,1,1,998,998
IMU,51986052,-0.033512093126773834,-0.04424336552619934,0.03703902289271355,0.7737734913825989,-1.1530386209487915,-10.79323673248291,0,0,55.287288665771484,1,1,998,998
IMU,52026726,0.06294956058263779,0.05552521347999573,-0.0009993563871830702,-0.7830517292022705,1.7833654880523682,-9.156659126281738,0,0,55.288936614990234,1,1,998,998
IMU,52067371,0.020024601370096207,0.022928794845938683,-0.046756863594055176,-0.9356368780136108,1.1656405925750732,-8.660983085632324,0,0,55.28927230834961,1,1,998,998
IMU,52107381,-0.06267298758029938,-0.025128282606601715,0.006723557598888874,-0.18020425736904144,-1.13880455493927,-10.498711585998535,0,0,55.291141510009766,1,1,998,998
IMU,52147796,-0.05245566740632057,-0.07532031834125519,0.12867413461208344,1.2749595642089844,-1.858720302581787,-10.283405303955078,0,0,55.29261779785156,1,1,998,998
IMU,52187803,0.0014178527053445578,0.00851239450275898,-0.01683907024562359,0.024068813771009445,0.4416336119174957,-10.384523391723633,0,0,55.29387664794922,1,1,998,998
IMU,52228502,0.061754509806632996,0.07696666568517685,-0.08300291746854782,-1.4570369720458984,-0.6623591780662537,-9.769338607788086,0,0,55.294639587402344,1,1,998,998
IMU,52267609,-0.011962096206843853,0.02604108862578869,-0.015108538791537285,-0.6192389130592346,-0.5070961117744446,-10.187091827392578,0,0,55.294837951660156,1,1,998,998
IMU,52307691,0.018054690212011337,0.016162434592843056,0.07761185616254807,-0.3053167164325714,1.69028639793396,-8.652545928955078,0,0,55.29503631591797,1,1,998,998
IMU,52348759,-0.022931773215532303,-0.028673531487584114,-0.005520556587725878,-0.1281910389661789,0.22839370369911194,-9.455083847045898,0,0,55.2960205078125,1,1,998,998
IMU,52388628,-0.003999204374849796,0.02286519668996334,-0.0647047683596611,-0.33184385299682617,-0.8079036474227905,-10.006111145019531,0,0,55.29801940917969,1,1,998,998
IMU,52429313,-0.011272165924310684,-0.02654990181326866,0.035778217017650604,-0.07282398641109467,-2.1065754890441895,-11.052325248718262,0,0,55.30027389526367,1,1,998,998
IMU,52468724,0.004063835833221674,-0.006803374737501144,0.014787493273615837,0.017627041786909103,-0.0048988014459609985,-9.556882858276367,0,0,55.30162048339844,1,1,998,998
IMU,52509122,0.01554735004901886,-0.007193801924586296,-0.0646890252828598,-0.30518674850463867,1.791430950164795,-8.989012718200684,0,0,55.302886962890625,1,1,998,998
IMU,52549469,-0.01525610126554966,0.00010408833622932434,-0.10498474538326263,-0.5432531237602234,0.4526076316833496,-8.93995475769043,0,0,55.30457305908203,1,1,998,998
IMU,52589463,-0.042549826204776764,-0.051309943199157715,0.1540532112121582,0.19802594184875488,-2.4624547958374023,-10.945096969604492,0,0,55.30585861206055,1,1,998,998
IMU,52629873,-0.04746882617473602,-0.03430831432342529,0.06053939834237099,0.5634749531745911,-1.3905220031738281,-10.941994667053223,0,0,55.30681610107422,1,1,998,998
IMU,52669389,0.023917170241475105,0.008713832125067711,-0.10896185785531998,0.013123075477778912,1.7239329814910889,-9.634175300598145,0,0,55.30805969238281,1,1,998,998
IMU,52709406,0.046714700758457184,0.08696310967206955,-0.04634760320186615,-1.8664487600326538,1.1391716003417969,-8.850382804870605,0,0,55.30903625488281,1,1,998,998
IMU,52749805,-0.04668297991156578,0.03695802390575409,0.07230223715305328,-0.7834650278091431,-0.6273487210273743,-9.054085731506348,0,0,55.3109130859375,1,1,998,998
IMU,52789702,-0.04804849624633789,-0.05587826669216156,0.043745122849941254,0.42572304606437683,-0.9904100894927979,-10.882089614868164,0,0,55.311527252197266,1,1,998,998
IMU,52830572,-0.005777757614850998,-0.03782157599925995,-0.05830814689397812,1.0147144794464111,-0.34933701157569885,-10.37647533416748,0,0,55.3123779296875,1,1,998,998
IMU,52869829,0.07432190328836441,0.046146783977746964,0.007439569104462862,-0.9509397745132446,1.8022605180740356,-9.08218002319336,0,0,55.3152961730957,1,1,998,998
IMU,52909841,-0.03167970851063728,0.028167568147182465,-0.05596470832824707,-1.1731243133544922,-0.0358167365193367,-8.998387336730957,0,0,55.318729400634766,1,1,998,998
IMU,52950530,-0.03647777438163757,-0.06182415783405304,0.1061265766620636,0.3230520486831665,-2.254382371902466,-11.1434326171875,0,0,55.320953369140625,1,1,998,998
IMU,52990398,-0.04391960799694061,-0.01956396922469139,0.0765145868062973,0.09773658215999603,-0.7804928421974182,-10.609786987304688,0,0,55.323951721191406,1,1,998,998
IMU,53031235,0.03714575991034508,0.013807917013764381,-0.08926654607057571,-0.7999985814094543,1.606884479522705,-8.485106468200684,0,0,55.32783126831055,1,1,998,998
IMU,53071844,-0.0003529749228619039,0.004555496387183666,-0.09216486662626266,-0.40342456102371216,0.3077741861343384,-9.319575309753418,0,0,55.3310661315918,1,1,998,998
IMU,53111874,-0.01886231079697609,-0.01095250342041254,0.08766470849514008,-0.33676451444625854,-1.5424273014068604,-11.032218933105469,0,0,55.33357620239258,1,1,998,998
IMU,53152463,-0.033478111028671265,0.029931610450148582,0.0668187141418457,-0.33129334449768066,-0.7277119755744934,-10.251681327819824,0,0,55.33658218383789,1,1,998,998
IMU,53192397,0.014250104315578938,0.00153269711881876,-0.03024376556277275,-0.5706249475479126,1.8961663246154785,-8.442571640014648,0,0,55.337276458740234,1,1,998,998
IMU,53232830,-0.011590623296797276,0.031794920563697815,-0.05604438856244087,-1.0407732725143433,-0.26117148995399475,-9.173370361328125,0,0,55.3391227722168,1,1,998,998
IMU,53272613,-0.03374284505844116,-0.054605089128017426,0.07454824447631836,0.28054043650627136,-2.227815628051758,-10.779370307922363,0,0,55.342140197753906,1,1,998,998
IMU,53312834,-0.01386081799864769,-0.03607049211859703,-0.027443647384643555,1.2036389112472534,0.43302416801452637,-10.946586608886719,0,0,55.344573974609375,1,1,998,998
IMU,53353556,0.04189138859510422,0.03628598153591156,-0.049202024936676025,-1.0650558471679688,1.904472827911377,-8.362464904785156,0,0,55.34593963623047,1,1,998,998
IMU,53393609,-0.02430436573922634,-0.010576622560620308,0.001558531541377306,-0.356360524892807,0.5087482333183289,-9.531380653381348,0,0,55.347206115722656,1,1,998,998
IMU,53434443,-0.021349497139453888,0.017105260863900185,0.05546652898192406,-0.8279751539230347,-1.3819223642349243,-10.751480102539062,0,0,55.34846496582031,1,1,998,998
IMU,53474774,-0.012584398500621319,0.01060529239475727,0.00289590610191226,0.03304775059223175,-0.8737915754318237,-10.382892608642578,0,0,55.3499641418457,1,1,998,998
IMU,53514667,0.004207250662147999,0.005819973535835743,0.050412461161613464,-0.39816421270370483,0.3910520076751709,-8.834563255310059,0,0,55.35127639770508,1,1,998,998
IMU,53555300,0.00011764181545004249,-0.03748168796300888,-0.05822990834712982,-0.14517074823379517,0.4452863335609436,-9.416768074035645,0,0,55.354427337646484,1,1,998,998
IMU,53595341,0.0016969968564808369,-0.0006736409850418568,-0.004642827901989222,-0.577387273311615,-1.360734462738037,-10.731925010681152,0,0,55.35714340209961,1,1,998,998
IMU,53636154,-0.0171588733792305,0.0027580680325627327,-0.0013039662735536695,0.3767816722393036,-0.4837269186973572,-10.590452194213867,0,0,55.35945510864258,1,1,998,998
IMU,53675850,-0.012630784884095192,0.015270443633198738,0.11282439529895782,-0.6991848945617676,-0.17236894369125366,-9.7190580368042,0,0,55.361236572265625,1,1,998,998
IMU,53715810,-0.06922940164804459,0.03149734437465668,-0.06337890774011612,0.770196259021759,-0.05492492765188217,-9.824522018432617,0,0,55.36223602294922,1,1,998,998
IMU,53756160,0.024291861802339554,-0.05499541759490967,-0.03773777559399605,0.3796742558479309,0.0328579917550087,-9.98130989074707,0,0,55.36248779296875,1,1,998,998
IMU,53796118,-0.024463392794132233,0.036451321095228195,0.10678942501544952,-0.32481107115745544,0.07987849414348602,-9.260395050048828,0,0,55.3626823425293,1,1,998,998
IMU,53836738,-0.0273518618196249,0.051880404353141785,-0.14168235659599304,-0.33860301971435547,0.12302698194980621,-9.399911880493164,0,0,55.362911224365234,1,1,998,998
IMU,53876716,-0.005577567033469677,-0.03089757449924946,0.08058466017246246,-0.21377268433570862,-0.2186400592327118,-9.674137115478516,0,0,55.365177154541016,1,1,998,998
IMU,53916681,-0.006871587596833706,-0.012712708674371243,-0.05830902233719826,-0.024011677131056786,-0.055473942309617996,-9.346810340881348,0,0,55.3674430847168,1,1,998,998
IMU,53957372,-0.0008086911402642727,0.019269432872533798,0.08952680230140686,-0.1969783455133438,-0.16142262518405914,-9.846582412719727,0,0,55.36885070800781,1,1,998,998
IMU,53997235,-0.0235263891518116,-0.027329634875059128,-0.048704925924539566,0.15452802181243896,0.14354968070983887,-9.627278327941895,0,0,55.36822509765625,1,1,998,998
IMU,54037711,-0.025070443749427795,0.026144448667764664,0.056020379066467285,-0.2983834743499756,-0.39530909061431885,-10.171743392944336,0,0,55.367828369140625,1,1,998,998
IMU,54078437,0.06322523951530457,-0.059810686856508255,0.1287676990032196,-0.20629242062568665,0.29866963624954224,-9.465692520141602,0,0,55.36777877807617,1,1,998,998
IMU,54118434,-0.01155906543135643,4.853447899222374e-05,0.046682003885507584,-0.3527359366416931,-1.045642375946045,-10.422897338867188,0,0,55.36628341674805,1,1,998,998
IMU,54159125,-0.22305503487586975,0.1719384491443634,-0.16152465343475342,-0.48296719789505005,0.6557993292808533,-10.051807403564453,0,0,55.365169525146484,1,1,998,998
IMU,54198852,0.06399815529584885,0.07412140816450119,-0.01308416947722435,0.02410479076206684,-0.49778175354003906,-10.300695419311523,0,0,55.365875244140625,1,1,998,998
IMU,54239728,-0.3064681887626648,0.18390735983848572,-0.11149773746728897,-0.18566462397575378,-0.2471582293510437,-10.857608795166016,0,0,55.366371154785156,1,1,998,998
IMU,54279789,-0.06365001201629639,0.10208546370267868,-0.10473205149173737,-0.09230510145425797,0.2941996455192566,-11.133543014526367,0,0,55.368900299072266,1,1,998,998
IMU,54319665,-0.02171943336725235,0.0952293798327446,-0.0015128256054595113,0.1744242012500763,-0.10646119713783264,-11.012911796569824,0,0,55.37165069580078,1,1,998,998
IMU,54360591,0.08960261195898056,-0.044296614825725555,-0.030044754967093468,-0.15332336723804474,-0.068637415766716,-10.82432746887207,0,0,55.37422561645508,1,1,998,998
IMU,54400544,-0.007705495692789555,-0.05049774795770645,-0.025461634621024132,-0.11157795786857605,-0.03943188488483429,-10.982685089111328,0,0,55.375518798828125,1,1,998,998
IMU,54441379,-0.012449300847947598,0.035407841205596924,-0.04755197837948799,-0.2528616189956665,0.019171036779880524,-11.183745384216309,0,0,55.375492095947266,1,1,998,998
IMU,54480558,0.017808370292186737,-0.007856164127588272,-0.05133913457393646,-0.18816226720809937,0.0036297698970884085,-11.314909934997559,0,0,55.376155853271484,1,1,998,998
IMU,54520647,-0.007498372346162796,-0.01957324519753456,-0.030201606452465057,-0.17657512426376343,0.10287822782993317,-11.123234748840332,0,0,55.377906799316406,1,1,998,998
IMU,54561172,0.04567788541316986,-0.14960044622421265,-0.015994681045413017,-0.09191513806581497,-0.07891950756311417,-10.799466133117676,0,0,55.38028335571289,1,1,998,998
IMU,54601193,0.05642741546034813,-0.1481374353170395,0.014440726488828659,-0.10382107645273209,0.0048300726339221,-11.117175102233887,0,0,55.383392333984375,1,1,998,998
IMU,54641631,0.05669203773140907,-0.09392265975475311,0.04489182308316231,-0.31198859214782715,0.06811301410198212,-11.118427276611328,0,0,55.38602066040039,1,1,998,998
IMU,54681553,0.09034225344657898,-0.0901244729757309,0.03575800731778145,-0.17181268334388733,0.00896516628563404,-10.946622848510742,0,0,55.38969039916992,1,1,998,998
IMU,54721463,0.0016820809105411172,-0.0907568484544754,0.02714022621512413,-0.3389211595058441,-0.10622843354940414,-10.869192123413086,0,0,55.392921447753906,1,1,998,998
IMU,54762261,0.01575780101120472,-0.04367386922240257,-0.0128703061491251,-0.32234618067741394,-0.10922982543706894,-11.221854209899902,0,0,55.396018981933594,1,1,998,998
IMU,54802231,0.040365904569625854,-0.008199455216526985,-0.03167189285159111,-0.18561168015003204,0.014525373466312885,-11.319768905639648,0,0,55.39949417114258,1,1,998,998
IMU,54842735,0.0693642795085907,0.012997275218367577,-0.009569037705659866,-0.21299433708190918,-0.21110351383686066,-11.05726432800293,0,0,55.40262985229492,1,1,998,998
IMU,54882523,0.07495784759521484,-0.027986016124486923,-0.010839848779141903,-0.19886288046836853,-0.08253645896911621,-10.804377555847168,0,0,55.40550994873047,1,1,998,998
IMU,54922558,0.043841615319252014,-0.03953867405653,0.03768535703420639,-0.2321692556142807,-0.07822592556476593,-10.812925338745117,0,0,55.40778350830078,1,1,998,998
IMU,54962764,0.10542543977499008,-0.012013329192996025,0.012655094265937805,-0.3107541799545288,-0.18552929162979126,-10.743193626403809,0,0,55.41035842895508,1,1,998,998
IMU,55003108,0.02316213957965374,0.0006844982272014022,-0.03648100048303604,-0.30304330587387085,-0.22319620847702026,-10.875741958618164,0,0,55.41236114501953,1,1,998,998
IMU,55043461,-0.008131498470902443,-0.006571898236870766,-0.06907840073108673,-0.3107520043849945,-0.0445723719894886,-10.865553855895996,0,0,55.413368225097656,1,1,998,998
IMU,55084246,0.03963093087077141,-0.06904859840869904,-0.0827627032995224,-0.2786075472831726,-0.26003849506378174,-11.03023910522461,0,0,55.411739349365234,1,1,998,998
IMU,55124148,-0.0025760286953300238,0.006345157045871019,-0.05089976638555527,-0.3234076499938965,-0.11348582804203033,-11.015167236328125,0,0,55.411537170410156,1,1,998,998
IMU,55164743,0.045535698533058167,0.03038972057402134,-0.024625763297080994,-0.30771902203559875,-0.11013011634349823,-11.00418758392334,0,0,55.41134262084961,1,1,998,998
IMU,55204657,0.0062691569328308105,0.061900556087493896,0.014779051765799522,-0.2725275158882141,-0.3001096248626709,-10.76439094543457,0,0,55.41109848022461,1,1,998,998
IMU,55245333,-0.02846391871571541,-0.003868773113936186,-0.00605692807585001,-0.19287103414535522,-0.12266622483730316,-10.706969261169434,0,0,55.41154861450195,1,1,998,998
IMU,55284819,0.0647081807255745,-0.05050112307071686,0.02644502744078636,-0.2062515765428543,0.0010070246644318104,-10.531981468200684,0,0,55.41361999511719,1,1,998,998
IMU,55324739,0.0023591110948473215,-0.07321634143590927,0.04647102579474449,-0.3001948595046997,-0.2863309681415558,-10.542457580566406,0,0,55.41556930541992,1,1,998,998
IMU,55366153,0.03670402243733406,-0.039359744638204575,-0.02962346561253071,-0.3419404923915863,-0.1161232441663742,-10.683740615844727,0,0,55.4187126159668,1,1,998,998
IMU,55406200,-0.008874520659446716,-0.0288121085613966,-0.014088485389947891,-0.2509021759033203,-0.09276223182678223,-10.831365585327148,0,0,55.4215087890625,1,1,998,998
IMU,55446695,0.02483549155294895,0.002347620902583003,-0.0031267825979739428,-0.3516486585140228,-0.21419678628444672,-11.007704734802246,0,0,55.42445373535156,1,1,998,998
IMU,55486736,-0.05822212994098663,0.027274195104837418,0.02810779958963394,-0.28383272886276245,-0.061436429619789124,-11.108710289001465,0,0,55.42607116699219,1,1,998,998
IMU,55526697,-0.05272326618432999,0.03715949133038521,0.03959248960018158,-0.28319650888442993,-0.04674254357814789,-11.13566780090332,0,0,55.427223205566406,1,1,998,998
IMU,55567258,-0.06176971271634102,-0.012323480099439621,0.07352202385663986,-0.28289157152175903,-0.08070307970046997,-11.380118370056152,0,0,55.427947998046875,1,1,998,998
IMU,55607172,-0.1045011430978775,-0.028015395626425743,0.08917543292045593,-0.27458399534225464,-0.06801650673151016,-11.593063354492188,0,0,55.42814254760742,1,1,998,998
IMU,55647758,-0.063530832529068,-0.020193273201584816,0.06164325028657913,-0.24502094089984894,-0.04383853077888489,-11.483708381652832,0,0,55.428340911865234,1,1,998,998
IMU,55687642,-0.03970392048358917,-0.03838035836815834,0.04608471691608429,-0.1908426284790039,0.00947710033506155,-11.303226470947266,0,0,55.42867660522461,1,1,998,998
IMU,55727623,0.003002720419317484,-0.02049284428358078,-0.015853000804781914,-0.2905193269252777,-0.0381634384393692,-10.938934326171875,0,0,55.42869567871094,1,1,998,998
IMU,55767869,-0.025975670665502548,0.004687649663537741,-0.053668051958084106,-0.3062276244163513,-0.048579227179288864,-10.823505401611328,0,0,55.427711486816406,1,1,998,998
IMU,55807755,-0.03351973742246628,0.005424744915217161,-0.027713216841220856,-0.16564388573169708,0.12117987871170044,-10.920154571533203,0,0,55.42820739746094,1,1,998,998
IMU,55848508,-0.049944669008255005,0.049040865153074265,0.015972761437296867,-0.3237670958042145,-0.15598399937152863,-11.028350830078125,0,0,55.42884063720703,1,1,998,998
IMU,55888142,-0.10312556475400925,0.053836315870285034,0.038326531648635864,-0.3130996525287628,0.06425756216049194,-10.796744346618652,0,0,55.428688049316406,1,1,998,998
IMU,55927813,-0.11743634939193726,0.0560116283595562,0.027111558243632317,-0.2591567635536194,-0.02015974558889866,-10.663256645202637,0,0,55.42839050292969,1,1,998,998
IMU,55968376,-0.1486164927482605,0.028084302321076393,0.00688039418309927,-0.2149048000574112,0.03471965715289116,-10.612543106079102,0,0,55.42839050292969,1,1,998,998
IMU,56008320,-0.18403615057468414,0.03216063231229782,-0.012798466719686985,-0.19196802377700806,0.04218967258930206,-10.505913734436035,0,0,55.42839050292969,1,1,998,998
IMU,56049173,-0.17135180532932281,0.031420428305864334,-0.0328320674598217,-0.1771511435508728,-0.0016410010866820812,-10.474077224731445,0,0,55.42839050292969,1,1,998,998
IMU,56089820,-0.21216246485710144,0.0341530367732048,-0.025206662714481354,-0.1474199891090393,0.08025305718183517,-10.574077606201172,0,0,55.42839050292969,1,1,998,998
IMU,56129725,-0.19753485918045044,-0.014411678537726402,-0.03388961777091026,-0.17504441738128662,-0.03397444635629654,-10.632043838500977,0,0,55.42839050292969,1,1,998,998
IMU,56169908,-0.18408989906311035,-0.02461126819252968,0.011239842511713505,-0.1736564040184021,0.07536420971155167,-10.332509994506836,0,0,55.42839050292969,1,1,998,998
IMU,56210192,-0.1337439864873886,0.009525338187813759,0.05261993408203125,-0.2544329762458801,0.14024582505226135,-10.214323997497559,0,0,55.42839050292969,1,1,998,998
IMU,56250620,-0.11182671785354614,0.066526398062706,0.011925775557756424,-0.3014047145843506,-0.14953657984733582,-10.302827835083008,0,0,55.42839050292969,1,1,998,998
IMU,56290534,-0.14599773287773132,0.06659569591283798,-0.035955220460891724,-0.2996268570423126,-0.04733830690383911,-10.122919082641602,0,0,55.42839050292969,1,1,998,998
IMU,56330534,-0.033050939440727234,0.06210858374834061,-0.055902134627103806,-0.20533543825149536,0.09199440479278564,-9.816690444946289,0,0,55.42839050292969,1,1,998,998
IMU,56371746,-0.014827718026936054,0.008418167941272259,-0.018325291574001312,-0.11076009273529053,0.0036573968827724457,-9.534333229064941,0,0,55.42839050292969,1,1,998,998
IMU,56411700,0.06373213231563568,0.028834013268351555,-0.09903872758150101,-0.2400127500295639,-0.08565549552440643,-9.63022232055664,0,0,55.42839050292969,1,1,998,998
IMU,56452278,0.00979938730597496,0.03571882098913193,-0.3180385231971741,-0.27181243896484375,-0.0718512311577797,-9.738537788391113,0,0,55.42839050292969,1,1,998,998
IMU,56492208,0.0811740905046463,0.02405315451323986,-0.559838056564331,-0.2716809809207916,0.008451721630990505,-9.711819648742676,0,0,55.42839050292969,1,1,998,998
IMU,56532204,0.07604462653398514,0.01943371258676052,-0.7117840647697449,-0.1923752874135971,-0.14137627184391022,-9.528764724731445,0,0,55.42839050292969,1,1,998,998
IMU,56573205,0.1270073801279068,0.02292594127357006,-0.7343862056732178,-0.19337834417819977,0.025540398433804512,-9.412572860717773,0,0,55.42839050292969,1,1,998,998
IMU,56612794,0.13041917979717255,0.008658968843519688,-0.7231168746948242,-0.1508720964193344,0.022532103583216667,-9.329719543457031,0,0,55.42839050292969,1,1,998,998
IMU,56653588,0.10439099371433258,0.03619974106550217,-0.8312240839004517,-0.23674172163009644,0.04589034244418144,-9.516616821289062,0,0,55.42839050292969,1,1,998,998
IMU,56693260,0.09438669681549072,0.04743899405002594,-1.0226359367370605,-0.1343563348054886,-0.0871531218290329,-9.433019638061523,0,0,55.42839050292969,1,1,998,998
IMU,56733297,0.042118337005376816,0.0012100613676011562,-1.3078200817108154,-0.12269610166549683,0.02012447640299797,-9.211627960205078,0,0,55.42839050292969,1,1,998,998
IMU,56774116,0.09081021696329117,0.01297661755234003,-1.6387161016464233,-0.3256138563156128,-0.07016558945178986,-9.051445007324219,0,0,55.42839050292969,1,1,998,998
IMU,56813811,0.03974178805947304,0.05747392401099205,-1.7816845178604126,-0.2700648009777069,0.020874876528978348,-8.809917449951172,0,0,55.42839050292969,1,1,998,998
IMU,56854632,0.0955660492181778,0.06519358605146408,-1.7797714471817017,-0.2571496367454529,0.07718139886856079,-8.753377914428711,0,0,55.42839050292969,1,1,998,998
IMU,56894837,0.006940850056707859,0.084182009100914,-1.6766080856323242,-0.2518661618232727,-0.06275051832199097,-8.752175331115723,0,0,55.42839050292969,1,1,998,998
IMU,56934875,-0.007354029454290867,0.0726785883307457,-1.5648703575134277,-0.19705216586589813,0.03948396071791649,-8.41594123840332,0,0,55.42839050292969,1,1,998,998
IMU,56976144,0.04131190851330757,0.03367280960083008,-1.4920682907104492,-0.23566697537899017,0.04138738289475441,-8.403769493103027,0,0,55.42839050292969,1,1,998,998
IMU,57016129,0.12254957854747772,-0.022965360432863235,-1.4872357845306396,-0.1058124229311943,0.23248353600502014,-8.483814239501953,0,0,55.42839050292969,1,1,998,998
IMU,57056689,0.16596809029579163,-0.03466445952653885,-1.5393717288970947,-0.21391326189041138,-0.04946194589138031,-8.463539123535156,0,0,55.42839050292969,1,1,998,998
IMU,57097545,0.04385807737708092,0.005097069777548313,-1.6221660375595093,-0.4106782078742981,-0.06564945727586746,-8.753711700439453,0,0,55.42839050292969,1,1,998,998
IMU,57137384,0.08376586437225342,0.017324097454547882,-1.6395409107208252,-0.14924505352973938,0.1866646558046341,-9.031824111938477,0,0,55.42839050292969,1,1,998,998
IMU,57178500,-0.01084283459931612,-0.03757515922188759,-1.5098443031311035,-0.2818121910095215,0.08330576866865158,-8.896020889282227,0,0,55.42839050292969,1,1,998,998
IMU,57218365,0.0033325040712952614,-0.03321666270494461,-1.5404154062271118,-0.19344113767147064,-0.1286892145872116,-9.279240608215332,0,0,55.42839050292969,1,1,998,998
IMU,57259127,-0.026416761800646782,-0.07282980531454086,-1.5711230039596558,-0.2643721401691437,0.08821434527635574,-9.652713775634766,0,0,55.42839050292969,1,1,998,998
IMU,57298795,-0.08156187832355499,-0.021166082471609116,-1.514816403388977,-0.2770152688026428,0.15590664744377136,-9.951070785522461,0,0,55.42839050292969,1,1,998,998
IMU,57338862,0.008403563871979713,0.034102074801921844,-1.5306929349899292,-0.1449907422065735,0.005692262202501297,-9.4144926071167,0,0,55.42839050292969,1,1,998,998
IMU,57380300,-0.13197077810764313,-0.08188226819038391,-1.4949488639831543,-0.02790992334485054,0.014389828778803349,-9.381256103515625,0,0,55.42839050292969,1,1,998,998
IMU,57420285,-0.05118267983198166,-0.07313640415668488,-1.482157826423645,-0.1814669817686081,0.043612875044345856,-9.10937786102295,0,0,55.42839050292969,1,1,998,998
IMU,57460826,-0.029055403545498848,-0.1015709713101387,-1.5002753734588623,-0.1491742730140686,-0.029147569090127945,-9.258234024047852,0,0,55.42839050292969,1,1,998,998
IMU,57501168,-0.14677923917770386,-0.030341288074851036,-1.5300934314727783,-0.19262456893920898,-0.11539506167173386,-9.546429634094238,0,0,55.42839050292969,1,1,998,998
IMU,57541072,-0.06526704132556915,-0.026161864399909973,-1.5441148281097412,-0.12346665561199188,0.002835552440956235,-9.710765838623047,0,0,55.42839050292969,1,1,998,998
IMU,57581711,-0.14293092489242554,-0.015735039487481117,-1.4851140975952148,-0.1422065645456314,0.06839427351951599,-9.562744140625,0,0,55.42839050292969,1,1,998,998
IMU,57621732,-0.11138388514518738,-0.029732955619692802,-1.4460407495498657,-0.2775883674621582,-0.14346811175346375,-9.444144248962402,0,0,55.42839050292969,1,1,998,998
IMU,57662567,-0.0761951357126236,-0.028950216248631477,-1.4190590381622314,-0.14794248342514038,0.02756440080702305,-9.146296501159668,0,0,55.42839050292969,1,1,998,998
IMU,57702493,-0.04043848440051079,-0.043292444199323654,-1.3599066734313965,-0.1687309741973877,-0.1397496461868286,-9.290250778198242,0,0,55.42839050292969,1,1,998,998
IMU,57742422,-0.04831339418888092,-0.05323924869298935,-1.409605622291565,-0.2479962408542633,-0.15449118614196777,-9.571732521057129,0,0,55.42839050292969,1,1,998,998
IMU,57783195,-0.059476982802152634,-0.006333185825496912,-1.4114789962768555,-0.2808449864387512,-0.02329433709383011,-9.747891426086426,0,0,55.42839050292969,1,1,998,998
IMU,57823108,-0.06162526458501816,-0.03998258337378502,-1.2919447422027588,-0.08697494119405746,-0.033773794770240784,-9.58458423614502,0,0,55.42839050292969,1,1,998,998
IMU,57863575,0.09659706801176071,-0.1621553599834442,-1.3003778457641602,-0.07472678273916245,-0.11690840125083923,-9.3130464553833,0,0,55.42839050292969,1,1,998,998
IMU,57903496,0.06934372335672379,-0.2827067971229553,-1.4467333555221558,-0.22331850230693817,-0.1142144426703453,-9.17870807647705,0,0,55.42839050292969,1,1,998,998
IMU,57943581,0.06663831323385239,-0.3436412215232849,-1.5988194942474365,-0.18627068400382996,-0.38258472084999084,-8.939474105834961,0,0,55.42839050292969,1,1,998,998
IMU,57984461,0.0972423329949379,-0.4471006989479065,-1.5909538269042969,-0.0030840374529361725,-0.02577921375632286,-8.675018310546875,0,0,55.42839050292969,1,1,998,998
IMU,58024400,0.03101322054862976,-0.6374204158782959,-1.38850736618042,-0.07411576062440872,-0.07146302610635757,-8.699708938598633,0,0,55.42839050292969,1,1,998,998
IMU,58065147,0.013895291835069656,-0.6901280879974365,-1.1920005083084106,-0.13993187248706818,-0.2039007991552353,-9.042699813842773,0,0,55.42839050292969,1,1,998,998
IMU,58106089,-0.03123464435338974,-0.7595580816268921,-1.091641902923584,-0.014859471470117569,-0.17942824959754944,-9.163938522338867,0,0,55.42839050292969,1,1,998,998
IMU,58146062,0.03220903500914574,-0.7793692946434021,-1.0931291580200195,-0.1587240993976593,-0.1212051659822464,-9.025777816772461,0,0,55.42839050292969,1,1,998,998
IMU,58187138,0.06295128166675568,-0.9305448532104492,-1.133995771408081,-0.14981739223003387,-0.34545838832855225,-9.138882637023926,0,0,55.42839050292969,1,1,998,998
IMU,58227077,-0.14713157713413239,-0.818505585193634,-1.1376774311065674,-0.29843801259994507,-0.46862906217575073,-9.366462707519531,0,0,55.42839050292969,1,1,998,998
IMU,58267737,-0.16513773798942566,-0.5491407513618469,-1.1602126359939575,-0.388574481010437,-0.16493719816207886,-9.404104232788086,0,0,55.42839050292969,1,1,998,998
IMU,58307780,-0.11545529961585999,-0.36138030886650085,-1.0298776626586914,-0.16945844888687134,-0.05244790390133858,-9.18403148651123,0,0,55.42839050292969,1,1,998,998
IMU,58347722,-0.21860532462596893,-0.3174985349178314,-0.8752540349960327,-0.104355089366436,-0.37215253710746765,-9.141898155212402,0,0,55.42839050292969,1,1,998,998
IMU,58388832,-0.34757572412490845,-0.361576646566391,-0.8676150441169739,-0.19057562947273254,-0.3635334372520447,-9.283474922180176,0,0,55.42839050292969,1,1,998,998
IMU,58428762,-0.41048917174339294,-0.271036297082901,-0.9085922837257385,-0.22019226849079132,-0.16353584825992584,-9.757148742675781,0,0,55.42839050292969,1,1,998,998
IMU,58469666,-0.34802019596099854,-0.1879308968782425,-0.9785701036453247,-0.2429373562335968,-0.41372931003570557,-10.130162239074707,0,0,55.42839050292969,1,1,998,998
IMU,58509217,-0.3652711510658264,-0.057685647159814835,-0.9764874577522278,-0.3013521432876587,-0.34645920991897583,-10.022119522094727,0,0,55.42839050292969,1,1,998,998
IMU,58549183,-0.4230860471725464,-0.10375547409057617,-0.8502234816551208,-0.09017079323530197,-0.29312261939048767,-9.745800018310547,0,0,55.42839050292969,1,1,998,998
IMU,58590235,-0.3471097946166992,-0.10190901160240173,-0.6899006366729736,-0.05618060380220413,-0.16387072205543518,-9.716886520385742,0,0,55.42839050292969,1,1,998,998
IMU,58630240,-0.20239704847335815,-0.08205238729715347,-0.4691220819950104,-0.1681918501853943,-0.37396079301834106,-9.53032398223877,0,0,55.42839050292969,1,1,998,998
IMU,58670777,-0.18426991999149323,-0.04097159951925278,-0.25147712230682373,-0.08736507594585419,-0.336672842502594,-9.37404727935791,0,0,55.42839050292969,1,1,998,998
IMU,58711160,-0.14406977593898773,-0.038819827139377594,-0.11056863516569138,-0.06132212281227112,-0.40397220849990845,-9.15878677368164,0,0,55.42839050292969,1,1,998,998
IMU,58750875,-0.21323736011981964,-0.024882685393095016,-0.047966524958610535,-0.39827868342399597,-0.39638108015060425,-9.07199478149414,0,0,55.42839050292969,1,1,998,998
IMU,58792199,-0.15286962687969208,0.08256597816944122,-0.12974853813648224,-0.30462193489074707,-0.45451873540878296,-8.90910816192627,0,0,55.42839050292969,1,1,998,998
IMU,58832073,-0.14802449941635132,0.1072167232632637,-0.24291588366031647,-0.35387393832206726,-0.38798996806144714,-8.714361190795898,0,0,55.42839050292969,1,1,998,998
IMU,58872652,-0.13224834203720093,0.0437113419175148,-0.30111533403396606,-0.2510446608066559,-0.4665880799293518,-8.48205852508545,0,0,55.42839050292969,1,1,998,998
IMU,58912796,-0.19117730855941772,-0.054455261677503586,-0.280259907245636,-0.40885505080223083,-0.46075087785720825,-8.638455390930176,0,0,55.42839050292969,1,1,998,998
IMU,58953106,-0.24734757840633392,-0.07646853476762772,-0.15352827310562134,-0.3223815858364105,-0.43394559621810913,-8.47305679321289,0,0,55.42839050292969,1,1,998,998
IMU,58993681,-0.3135377764701843,-0.04641200229525566,0.00853981263935566,-0.40418195724487305,-0.4428843855857849,-8.617399215698242,0,0,55.42839050292969,1,1,998,998
IMU,59033619,-0.2657317817211151,0.07669643312692642,0.0881616547703743,-0.46855783462524414,-0.3933563232421875,-8.610418319702148,0,0,55.42839050292969,1,1,998,998
IMU,59074332,-0.21976599097251892,0.028179503977298737,0.0548623651266098,-0.16821782290935516,-0.37428826093673706,-8.772710800170898,0,0,55.42839050292969,1,1,998,998
IMU,59115198,-0.34435325860977173,-0.056637756526470184,-0.1277414709329605,-0.4485800564289093,-0.6696732640266418,-9.886178970336914,0,0,55.42839050292969,1,1,998,998
IMU,59154796,-0.4493368864059448,0.014293976128101349,-0.3401060402393341,-0.6787951588630676,-0.5505182147026062,-10.722761154174805,0,0,55.42839050292969,1,1,998,998
IMU,59196064,-0.33183032274246216,0.15809747576713562,-0.4341645836830139,-0.5671880841255188,-0.1850069761276245,-10.611907005310059,0,0,55.42839050292969,1,1,998,998
IMU,59235827,0.004485070705413818,0.06930571794509888,-0.31112655997276306,-0.22858229279518127,-0.24525964260101318,-9.558748245239258,0,0,55.42839050292969,1,1,998,998
IMU,59276769,0.1316361427307129,-0.018322084099054337,-0.08748675882816315,-0.34507548809051514,-0.29976242780685425,-8.840776443481445,0,0,55.42839050292969,1,1,998,998
IMU,59317102,0.04103944078087807,0.035714808851480484,-0.018983451649546623,-0.7883089780807495,-0.7129333019256592,-8.996932983398438,0,0,55.42839050292969,1,1,998,998
IMU,59357084,-0.10035355389118195,0.27837836742401123,-0.04907748103141785,-0.7621806859970093,-0.3928591012954712,-9.335897445678711,0,0,55.42839050292969,1,1,998,998
IMU,59398504,-0.059092529118061066,0.5019823312759399,-0.025066182017326355,-0.6262490749359131,-0.20648351311683655,-9.152328491210938,0,0,55.42839050292969,1,1,998,998
IMU,59438404,0.06706357002258301,0.47853872179985046,0.016543108969926834,-0.513123631477356,-0.35480669140815735,-8.77831745147705,0,0,55.42839050292969,1,1,998,998
IMU,59479281,0.034425102174282074,0.42372575402259827,0.0010399328311905265,-0.6322688460350037,-0.45523935556411743,-8.870134353637695,0,0,55.42839050292969,1,1,998,998
IMU,59518796,-0.1057797521352768,0.5416632890701294,-0.013285087421536446,-0.8223327398300171,-0.552486002445221,-9.295685768127441,0,0,55.42839050292969,1,1,998,998
IMU,59558876,-0.06614198535680771,0.708304762840271,-0.02643553912639618,-0.7252923846244812,-0.24285566806793213,-9.446123123168945,0,0,55.42839050292969,1,1,998,998
IMU,59600082,0.06938034296035767,0.7412156462669373,0.0019803724717348814,-0.6982110738754272,-0.3189769685268402,-9.559957504272461,0,0,55.42839050292969,1,1,998,998
IMU,59639806,0.09189362078905106,0.8173068165779114,0.009113792330026627,-0.8257729411125183,-0.44599470496177673,-9.75826644897461,0,0,55.42839050292969,1,1,998,998
IMU,59680558,0.06593310832977295,0.7140655517578125,-0.012296624481678009,-0.6816923022270203,-0.4183496832847595,-9.889547348022461,0,0,55.429683685302734,1,1,998,998
IMU,59720738,0.011085777543485165,0.6190860867500305,0.03176377713680267,-0.5785890817642212,-0.23192501068115234,-9.575241088867188,0,0,55.43631362915039,1,1,998,998
IMU,59760859,0.14238323271274567,0.44744497537612915,0.011936480179429054,-0.5409053564071655,-0.25380009412765503,-9.424456596374512,0,0,55.447349548339844,1,1,998,998
IMU,59801415,0.11988505721092224,0.33485880494117737,-0.04592607170343399,-0.5874379873275757,-0.48154783248901367,-9.12614917755127,0,0,55.46199417114258,1,1,998,998
IMU,59841428,-0.041102971881628036,0.23224741220474243,-0.13355615735054016,-0.6027898192405701,-0.5408815145492554,-9.160148620605469,0,0,55.47685241699219,1,1,998,998
IMU,59882058,-0.040829166769981384,0.2685869336128235,-0.1763516664505005,-0.7700013518333435,-0.21630141139030457,-9.830679893493652,0,0,55.49105453491211,1,1,998,998
IMU,59922173,0.019666679203510284,0.4411373734474182,-0.11457281559705734,-0.7697824835777283,-0.20328620076179504,-9.906270980834961,0,0,55.50559997558594,1,1,998,998
IMU,59962127,0.17582297325134277,0.30243775248527527,-0.06785105168819427,-0.3961404263973236,-0.3715839982032776,-9.586462020874023,0,0,55.51899337768555,1,1,998,998
IMU,60003059,0.20447233319282532,0.07289087772369385,-0.01684970036149025,-0.44814208149909973,-0.34949544072151184,-9.496908187866211,0,0,55.53144454956055,1,1,998,998
IMU,60042805,0.07369160652160645,-0.0030085728503763676,-0.027606766670942307,-0.6689194440841675,-0.5346675515174866,-9.850800514221191,0,0,55.542564392089844,1,1,998,998
IMU,60083594,0.08595139533281326,0.02207702398300171,-0.09413434565067291,-0.5823043584823608,-0.3494327962398529,-10.057283401489258,0,0,55.55339431762695,1,1,998,998
IMU,60124240,0.06468693912029266,-0.002732940949499607,-0.0785818099975586,-0.517868161201477,-0.20409835875034332,-9.9972505569458,0,0,55.56239318847656,1,1,998,998
IMU,60164400,0.17383533716201782,-0.12863373756408691,-0.08495262265205383,-0.4253385663032532,-0.2938070297241211,-9.596803665161133,0,0,55.56877899169922,1,1,998,998
IMU,60205132,0.17046359181404114,-0.20715445280075073,-0.07741882652044296,-0.6398495435714722,-0.40534377098083496,-9.495699882507324,0,0,55.574153900146484,1,1,998,998
IMU,60245162,0.06305136531591415,-0.10655492544174194,-0.09147578477859497,-0.6830326914787292,-0.40826401114463806,-9.551019668579102,0,0,55.57768630981445,1,1,998,998
IMU,60285701,0.02865220047533512,-0.08678895235061646,-0.10865573585033417,-0.5218765735626221,-0.33357036113739014,-9.623188018798828,0,0,55.58013153076172,1,1,998,998
IMU,60325759,-0.08624697476625443,-0.08828835934400558,-0.08362261950969696,-0.5079643130302429,-0.3089390695095062,-9.582029342651367,0,0,55.581748962402344,1,1,998,998
IMU,60365742,-0.010403234511613846,-0.28753188252449036,-0.09123508632183075,-0.42807966470718384,-0.26544517278671265,-9.506878852844238,0,0,55.58184051513672,1,1,998,998
IMU,60407609,-0.04760504886507988,-0.2745317816734314,-0.03248723968863487,-0.5557427406311035,-0.3539286255836487,-9.668485641479492,0,0,55.58201599121094,1,1,998,998
IMU,60447423,-0.07005578279495239,-0.21682628989219666,-0.060175564140081406,-0.6899672746658325,-0.3772968351840973,-9.92359447479248,0,0,55.5823860168457,1,1,998,998
IMU,60488139,-0.09227247536182404,-0.1663532555103302,-0.10997332632541656,-0.48295605182647705,-0.24388156831264496,-10.017678260803223,0,0,55.58327865600586,1,1,998,998
IMU,60527904,-0.05931024253368378,-0.23611724376678467,-0.10501161217689514,-0.4068376421928406,-0.35550713539123535,-9.796099662780762,0,0,55.5854377746582,1,1,998,998
IMU,60567806,0.10973630845546722,-0.35547351837158203,-0.09501757472753525,-0.44177544116973877,-0.1277596801519394,-9.430947303771973,0,0,55.58791732788086,1,1,998,998
IMU,60608738,0.08057355880737305,-0.34431737661361694,-0.01014230027794838,-0.5981013774871826,-0.3851467967033386,-9.21486759185791,0,0,55.589988708496094,1,1,998,998
IMU,60648602,-0.015736209228634834,-0.22288525104522705,-0.024277951568365097,-0.6392012238502502,-0.5478615760803223,-9.12012767791748,0,0,55.592376708984375,1,1,998,998
IMU,60689479,-0.06076839938759804,-0.133978471159935,-0.026315437629818916,-0.5868128538131714,-0.3140650689601898,-9.039558410644531,0,0,55.5958137512207,1,1,998,998
IMU,60729157,-0.018240798264741898,-0.12902362644672394,0.025060035288333893,-0.6009852886199951,-0.18600544333457947,-9.147811889648438,0,0,55.59977340698242,1,1,998,998
IMU,60768848,0.05417300760746002,-0.11240204423666,0.0006237583584152162,-0.6602843999862671,-0.37084704637527466,-9.138084411621094,0,0,55.6027946472168,1,1,998,998
IMU,60809734,-0.05583183467388153,-0.07663154602050781,-0.008110171183943748,-0.5392938256263733,-0.337182879447937,-9.183164596557617,0,0,55.60586166381836,1,1,998,998
IMU,60849721,-0.12090936303138733,-0.035972390323877335,-0.03671204671263695,-0.6998690366744995,-0.30109888315200806,-9.307562828063965,0,0,55.608970642089844,1,1,998,998
IMU,60890551,-0.06732090562582016,0.005683884024620056,-0.035848986357450485,-0.6577975749969482,-0.16936862468719482,-9.36063003540039,0,0,55.611534118652344,1,1,998,998
IMU,60930337,0.006396497134119272,0.0025248778983950615,-0.02241942659020424,-0.6493825912475586,-0.2692813277244568,-9.400186538696289,0,0,55.61326599121094,1,1,998,998
IMU,60970303,-0.03169427067041397,-0.02796873450279236,-0.005606628023087978,-0.8107208013534546,-0.39962032437324524,-9.614602088928223,0,0,55.612327575683594,1,1,998,998
IMU,61011121,-0.038698457181453705,0.06155698001384735,0.0033714082092046738,-0.8490595817565918,-0.2466835379600525,-9.793704986572266,0,0,55.6109504699707,1,1,998,998
IMU,61051168,-0.09906370937824249,0.11550841480493546,0.029141195118427277,-0.7334733605384827,-0.28368911147117615,-9.960965156555176,0,0,55.6101188659668,1,1,998,998
IMU,61091655,-0.011647124774754047,0.056641917675733566,-0.011953094974160194,-0.6618232131004333,-0.2493622750043869,-9.897090911865234,0,0,55.60954284667969,1,1,998,998
IMU,61133951,0.02927849441766739,-0.01708408258855343,0.017863035202026367,-0.8069345951080322,-0.22866585850715637,-9.951743125915527,0,0,55.61103820800781,1,1,998,998
IMU,61174061,0.07520349323749542,0.010749338194727898,0.0010214739013463259,-0.731122612953186,-0.26749056577682495,-9.904401779174805,0,0,55.61115646362305,1,1,998,998
IMU,61214810,0.01576092466711998,0.01713171787559986,-0.02925124578177929,-0.8010081052780151,-0.3638673424720764,-9.881366729736328,0,0,55.611358642578125,1,1,998,998
IMU,61254549,-0.06439024955034256,0.01402207650244236,-0.047346699982881546,-0.7788788676261902,-0.2833789587020874,-10.052694320678711,0,0,55.61155319213867,1,1,998,998
IMU,61295361,-0.0626799687743187,0.04997573792934418,-0.0489560067653656,-0.8818243741989136,-0.3418418765068054,-9.90554428100586,0,0,55.61240005493164,1,1,998,998
IMU,61335394,0.029077652841806412,0.13114602863788605,-0.0350283682346344,-0.9270668029785156,-0.16808772087097168,-9.956404685974121,0,0,55.615055084228516,1,1,998,998
IMU,61375341,0.1166958212852478,0.09824533760547638,0.0032405953388661146,-0.8021968603134155,-0.26939019560813904,-9.798093795776367,0,0,55.61759948730469,1,1,998,998
IMU,61416961,0.01975848339498043,0.0047213113866746426,0.01879526488482952,-0.6592942476272583,-0.4034843444824219,-9.751152992248535,0,0,55.61994552612305,1,1,998,998
IMU,61456874,-0.05361761897802353,0.03177351504564285,-0.013256174512207508,-0.9414108991622925,-0.33081334829330444,-9.81296157836914,0,0,55.62220001220703,1,1,998,998
IMU,61497589,-0.060906924307346344,0.11236248910427094,-0.0074068279936909676,-0.8230698704719543,-0.2293497920036316,-9.87775993347168,0,0,55.62446594238281,1,1,998,998
IMU,61537429,0.020330294966697693,0.16296885907649994,-0.013612133450806141,-0.6546244621276855,-0.19114859402179718,-9.745290756225586,0,0,55.62742233276367,1,1,998,998
IMU,61577535,0.09700045734643936,0.026318226009607315,0.022577527910470963,-0.7025484442710876,-0.22167983651161194,-9.710196495056152,0,0,55.63075256347656,1,1,998,998
IMU,61618079,0.08297096192836761,0.04001282900571823,0.02939091995358467,-0.8824318647384644,-0.2876170873641968,-9.86724853515625,0,0,55.633514404296875,1,1,998,998
IMU,61658073,0.008553389459848404,0.006392467767000198,-0.009610999375581741,-0.8029446601867676,-0.37053200602531433,-9.909900665283203,0,0,55.63566589355469,1,1,998,998
IMU,61699108,0.01754455454647541,0.09837591648101807,-0.028859242796897888,-0.8710454702377319,-0.06939142942428589,-9.899622917175293,0,0,55.63721466064453,1,1,998,998
IMU,61738815,0.061368465423583984,0.03373446315526962,-0.018437262624502182,-0.7157198190689087,-0.3253929316997528,-9.81220817565918,0,0,55.63905334472656,1,1,998,998
IMU,61779107,-0.004085732623934746,-0.018499299883842468,-0.01655515655875206,-0.7612475752830505,-0.2577638626098633,-9.738444328308105,0,0,55.63978576660156,1,1,998,998
IMU,61819665,-0.054375454783439636,-0.08085842430591583,-0.010680322535336018,-0.712394118309021,-0.2991476058959961,-9.838016510009766,0,0,55.63966369628906,1,1,998,998
IMU,61859585,-0.019910862669348717,0.04224797338247299,-0.00199123821221292,-0.8276565074920654,-0.28029507398605347,-9.771370887756348,0,0,55.639808654785156,1,1,998,998
IMU,61900447,0.02653612568974495,0.023677999153733253,0.012947804294526577,-0.749687671661377,-0.28872886300086975,-9.734711647033691,0,0,55.64033508300781,1,1,998,998
IMU,61940459,0.01820491999387741,-0.0029740899335592985,0.014489109627902508,-0.7975425720214844,-0.2738061249256134,-9.796612739562988,0,0,55.64225769042969,1,1,998,998
IMU,61980402,0.010183383710682392,-0.032495301216840744,-0.0034672825131565332,-0.9487650394439697,-0.4082341194152832,-9.980981826782227,0,0,55.643409729003906,1,1,998,998
IMU,62021439,-0.04352451488375664,-0.01823641173541546,-0.0036330795846879482,-0.862708330154419,-0.20436732470989227,-10.2488431930542,0,0,55.64434051513672,1,1,998,998
IMU,62061514,0.031636130064725876,-0.0005526982713490725,-0.017110824584960938,-0.8757917881011963,-0.34841659665107727,-10.481884002685547,0,0,55.64424514770508,1,1,998,998
IMU,62102075,-0.001207135384902358,0.01926599070429802,-0.007477185223251581,-0.7982386350631714,-0.3177441358566284,-10.424843788146973,0,0,55.64447021484375,1,1,998,998
IMU,62143448,0.0256795734167099,-0.00021522771567106247,-0.020845144987106323,-0.8254945278167725,-0.28108924627304077,-10.659845352172852,0,0,55.64468002319336,1,1,998,998
IMU,62183458,0.0379936546087265,0.01591338776051998,-0.012101388536393642,-0.8753949403762817,-0.3534752428531647,-10.791257858276367,0,0,55.64487075805664,1,1,998,998
IMU,62224116,-0.06088876724243164,0.06937804073095322,-0.014403064735233784,-0.8850852251052856,-0.4220519959926605,-10.965025901794434,0,0,55.64554977416992,1,1,998,998
IMU,62263783,-0.027513843029737473,0.11992816627025604,-0.0531395748257637,-0.9170573353767395,-0.1827341616153717,-11.102409362792969,0,0,55.64615249633789,1,1,998,998
IMU,62304589,0.005945160053670406,0.18228107690811157,-0.02527066133916378,-0.7811760306358337,-0.1644010692834854,-11.311674118041992,0,0,55.64677047729492,1,1,998,998
IMU,62344847,0.004223596770316362,0.07825885713100433,-0.029030533507466316,-0.7453434467315674,-0.3245910108089447,-11.402897834777832,0,0,55.646968841552734,1,1,998,998
IMU,62384798,-0.0648726299405098,0.0038838726468384266,-0.03685235232114792,-1.1056928634643555,-0.41570520401000977,-11.445840835571289,0,0,55.64716339111328,1,1,998,998
IMU,62426131,-0.10335934907197952,0.17325298488140106,-0.017773695290088654,-1.0772823095321655,-0.24573606252670288,-11.29898738861084,0,0,55.64799499511719,1,1,998,998
IMU,62466140,-0.02789444848895073,0.1496078222990036,-0.007897024974226952,-0.8640094995498657,-0.29398348927497864,-11.487380981445312,0,0,55.64909362792969,1,1,998,998
IMU,62506840,-0.018659517168998718,0.1298774778842926,0.007420675829052925,-0.9522638916969299,-0.32912111282348633,-11.35386848449707,0,0,55.65099334716797,1,1,998,998
IMU,62547240,-0.023277699947357178,0.0622902438044548,0.027385862544178963,-0.896233320236206,-0.3651648759841919,-11.558364868164062,0,0,55.65091323852539,1,1,998,998
IMU,62587246,-0.011334629729390144,0.10597006231546402,-0.0025880332104861736,-0.9954924583435059,-0.2518657445907593,-11.604864120483398,0,0,55.65087890625,1,1,998,998
IMU,62628036,-0.02790619619190693,0.10837368667125702,-0.026928946375846863,-0.9349236488342285,-0.3229805827140808,-11.747467994689941,0,0,55.65253448486328,1,1,998,998
IMU,62667997,-0.134734109044075,0.142970472574234,-0.060133226215839386,-0.8587855100631714,-0.4589371681213379,-11.735700607299805,0,0,55.65414810180664,1,1,998,998
IMU,62708503,-0.15907242894172668,0.04917781800031662,-0.030037444084882736,-0.8418645262718201,-0.2627509832382202,-11.779818534851074,0,0,55.654911041259766,1,1,998,998
IMU,62748532,-0.059905558824539185,0.07167688012123108,0.005537060089409351,-0.8423683643341064,-0.3436260223388672,-11.65062427520752,0,0,55.656314849853516,1,1,998,998
IMU,62788546,0.07267814129590988,-0.18625901639461517,0.03064090386033058,-0.6765976548194885,-0.40648153424263,-11.558244705200195,0,0,55.65768814086914,1,1,998,998
IMU,62829316,0.08299292623996735,-0.2908923625946045,0.0601707324385643,-0.98957359790802,-0.4591884911060333,-11.139238357543945,0,0,55.65645980834961,1,1,998,998
IMU,62869309,0.049570463597774506,-0.29874488711357117,0.06706409901380539,-0.9507531523704529,-0.39507395029067993,-10.364940643310547,0,0,55.65449905395508,1,1,998,998
IMU,62910134,0.10748659819364548,-0.2505691945552826,0.06901824474334717,-0.9000686407089233,-0.3324752449989319,-9.585865020751953,0,0,55.65320587158203,1,1,998,998
IMU,62950223,-0.006243148818612099,-0.2395826131105423,0.05959388241171837,-0.8399522304534912,-0.4926234781742096,-9.542291641235352,0,0,55.65161895751953,1,1,998,998
IMU,62990281,0.05016603693366051,-0.17383824288845062,-0.015617070719599724,-0.8250675201416016,-0.2744401693344116,-9.661937713623047,0,0,55.651222229003906,1,1,998,998
IMU,63031082,-0.03144548833370209,-0.14747324585914612,0.011332957074046135,-0.7935143709182739,-0.2929905951023102,-10.011005401611328,0,0,55.65073013305664,1,1,998,998
IMU,63070784,-0.05902249738574028,-0.1139882281422615,-0.0034501482732594013,-0.7173066139221191,-0.18171732127666473,-10.091768264770508,0,0,55.65188217163086,1,1,998,998
IMU,63111495,0.05444691330194473,-0.15456922352313995,0.03657929226756096,-0.790148913860321,-0.20201155543327332,-9.619304656982422,0,0,55.65382766723633,1,1,998,998
IMU,63152104,0.07539977133274078,-0.1822901964187622,0.08578649163246155,-0.6735113859176636,-0.38888785243034363,-9.161064147949219,0,0,55.655216217041016,1,1,998,998
IMU,63192108,0.08377892524003983,-0.25499165058135986,0.04106902703642845,-0.7659770250320435,-0.518650472164154,-9.352910995483398,0,0,55.65666580200195,1,1,998,998
IMU,63232140,-0.0220418069511652,-0.13949204981327057,-0.0006052419194020331,-0.8418792486190796,-0.43898582458496094,-9.829668045043945,0,0,55.657737731933594,1,1,998,998
IMU,63272060,-0.03575886785984039,-0.022062499076128006,-0.05477982386946678,-0.9093316793441772,-0.42201685905456543,-10.261049270629883,0,0,55.65674591064453,1,1,998,998
IMU,63312685,-0.07856869697570801,0.010086584836244583,-0.058068253099918365,-0.8076072931289673,-0.38793620467185974,-10.300150871276855,0,0,55.65546417236328,1,1,998,998
IMU,63352076,-0.0572170615196228,-0.05415881425142288,-0.04167679697275162,-0.6450561881065369,-0.3879566192626953,-10.180315017700195,0,0,55.655269622802734,1,1,998,998
IMU,63392080,0.022085802629590034,-0.17346151173114777,0.01942063495516777,-0.5408221483230591,-0.35605430603027344,-9.613656044006348,0,0,55.65593719482422,1,1,998,998
IMU,63433155,-0.01816263608634472,-0.22485393285751343,0.07636184245347977,-0.7628148794174194,-0.38705241680145264,-9.14569091796875,0,0,55.656986236572266,1,1,998,998
IMU,63473090,-0.013049647212028503,-0.17685852944850922,0.057124875485897064,-0.8160995841026306,-0.27530422806739807,-9.044486999511719,0,0,55.658138275146484,1,1,998,998
IMU,63513649,0.04651549831032753,-0.06488388031721115,0.04948640242218971,-0.8696393966674805,-0.29390382766723633,-8.871406555175781,0,0,55.65989303588867,1,1,998,998
IMU,63553708,0.10180914402008057,0.0012864777818322182,0.023314617574214935,-0.7888714671134949,-0.35860246419906616,-8.869377136230469,0,0,55.65856170654297,1,1,998,998
IMU,63593688,0.055442746728658676,0.08141106367111206,-0.02604762278497219,-0.6283178329467773,-0.25754544138908386,-8.706899642944336,0,0,55.65766525268555,1,1,998,998
IMU,63634293,-0.04657258093357086,-0.007526877801865339,-0.01121930219233036,-0.6582828760147095,-0.37230342626571655,-8.581293106079102,0,0,55.65739440917969,1,1,998,998
IMU,63674064,-0.05870993435382843,0.0017851466545835137,-0.005556150339543819,-0.8024942874908447,-0.3411491811275482,-8.63614273071289,0,0,55.65821838378906,1,1,998,998
IMU,63714602,-0.006720785982906818,0.05121003836393356,0.004517990164458752,-0.791667103767395,-0.10212036967277527,-8.385828018188477,0,0,55.66002655029297,1,1,998,998
IMU,63754521,-0.03770275413990021,0.07070054858922958,0.0155548807233572,-0.6966270804405212,-0.20092901587486267,-8.382822036743164,0,0,55.661746978759766,1,1,998,998
IMU,63794434,0.034117765724658966,0.08260924369096756,0.007982783019542694,-0.821334958076477,-0.2633276879787445,-8.163702011108398,0,0,55.66138458251953,1,1,998,998
IMU,63835189,0.04966016858816147,0.1089627742767334,0.02007405459880829,-0.7032272815704346,-0.1798764169216156,-8.052323341369629,0,0,55.660667419433594,1,1,998,998
IMU,63874864,0.02217855490744114,0.0740438848733902,-0.006696241442114115,-0.780190110206604,-0.3254770338535309,-8.078567504882812,0,0,55.65994644165039,1,1,998,998
IMU,63915649,-0.08725471794605255,0.10749150067567825,-0.0421774759888649,-0.6755667328834534,-0.33149364590644836,-7.930041313171387,0,0,55.65705490112305,1,1,998,998
IMU,63955266,-0.10605701804161072,0.06270725280046463,-0.033339813351631165,-0.7697113752365112,-0.2267417460680008,-8.307720184326172,0,0,55.65385818481445,1,1,998,998
IMU,63995407,-0.04246239364147186,0.10392412543296814,-0.03427567705512047,-0.743378758430481,-0.1387084275484085,-8.279245376586914,0,0,55.650421142578125,1,1,998,998
IMU,64035681,-0.0007528648711740971,0.08169924467802048,-0.004917760379612446,-0.8459086418151855,-0.3325359523296356,-8.423734664916992,0,0,55.64741134643555,1,1,998,998
IMU,64075521,-0.114419125020504,0.059054791927337646,-0.023477910086512566,-0.8362619280815125,-0.4995054304599762,-8.669858932495117,0,0,55.644325256347656,1,1,998,998
IMU,64116229,-0.22213326394557953,0.07904757559299469,-0.053124215453863144,-0.8385208249092102,-0.44100022315979004,-9.723613739013672,0,0,55.642635345458984,1,1,998,998
IMU,64156544,-0.2426815778017044,0.17096035182476044,-0.04945329576730728,-0.8944301009178162,-0.2264670729637146,-10.686100959777832,0,0,55.64155578613281,1,1,998,998
IMU,64196415,-0.12044890224933624,0.19489610195159912,-0.03567853197455406,-0.9411072134971619,-0.25549930334091187,-11.19083023071289,0,0,55.641361236572266,1,1,998,998
IMU,64237246,0.0005875591887161136,0.12482522428035736,-0.011700157076120377,-0.6832059621810913,-0.3669680058956146,-11.062601089477539,0,0,55.64116287231445,1,1,998,998
IMU,64277134,0.01651613973081112,0.01443820632994175,0.03411156311631203,-0.692804217338562,-0.49197039008140564,-11.097624778747559,0,0,55.64069366455078,1,1,998,998
IMU,64317710,0.15377795696258545,-0.06725583225488663,0.0360008105635643,-0.9889671206474304,-0.26814597845077515,-11.143532752990723,0,0,55.6408805847168,1,1,998,998
IMU,64357106,0.21623073518276215,-0.02637958526611328,0.04350264370441437,-1.060649037361145,-0.3617081344127655,-11.337091445922852,0,0,55.641056060791016,1,1,998,998
IMU,64397154,0.06770318746566772,0.08727236837148666,-0.006511822808533907,-1.0044058561325073,-0.7180503606796265,-11.498790740966797,0,0,55.640201568603516,1,1,998,998
IMU,64438456,0.09269201755523682,0.05987014248967171,-0.06602826714515686,-0.7711947560310364,-0.2981429696083069,-11.596285820007324,0,0,55.638710021972656,1,1,998,998
IMU,64478404,0.13450424373149872,0.0011433394392952323,-0.015827950090169907,-0.7985985279083252,-0.41352733969688416,-11.592228889465332,0,0,55.63720703125,1,1,998,998
IMU,64519098,0.1795666366815567,-0.054690998047590256,-0.0038712890818715096,-0.8489331007003784,-0.40059882402420044,-11.565649032592773,0,0,55.63572692871094,1,1,998,998
IMU,64558716,0.06788448244333267,-0.06986107677221298,-0.00324696721509099,-0.9919456243515015,-0.4764309525489807,-11.651844024658203,0,0,55.634742736816406,1,1,998,998
IMU,64599036,-0.10741738229990005,0.0038525781128555536,0.014723549596965313,-0.9988617897033691,-0.5198385119438171,-11.732259750366211,0,0,55.634273529052734,1,1,998,998
IMU,64640093,-0.047314729541540146,0.09950673580169678,-0.0026984859723597765,-1.0176026821136475,-0.4081546366214752,-11.88458251953125,0,0,55.633731842041016,1,1,998,998
IMU,64679603,0.0881035253405571,0.10797661542892456,0.020520327612757683,-0.7919618487358093,-0.23861920833587646,-11.695040702819824,0,0,55.63353729248047,1,1,998,998
IMU,64720362,0.17339202761650085,0.09692804515361786,0.003071097657084465,-0.9125798940658569,-0.5154105424880981,-11.40133285522461,0,0,55.63334655761719,1,1,998,998
IMU,64759701,-0.020845238119363785,0.04420499503612518,-0.0227352362126112,-0.8882246613502502,-0.6811944246292114,-11.187883377075195,0,0,55.632511138916016,1,1,998,998
IMU,64799666,-0.10690516233444214,0.006141601130366325,-0.020075438544154167,-0.795705258846283,-0.3820086419582367,-10.854459762573242,0,0,55.63138961791992,1,1,998,998
IMU,64840133,0.0056469496339559555,0.027714809402823448,0.057676006108522415,-0.8957700729370117,-0.1184748113155365,-10.517376899719238,0,0,55.62940979003906,1,1,998,998
IMU,64879831,0.15681684017181396,0.07066851854324341,0.08107475936412811,-0.887144148349762,-0.3491089344024658,-10.213483810424805,0,0,55.628379821777344,1,1,998,998
IMU,64920832,0.13955730199813843,0.06626666337251663,0.04372316971421242,-0.8209508061408997,-0.4794641137123108,-9.988775253295898,0,0,55.62913513183594,1,1,998,998
IMU,64960268,-0.1013958677649498,0.04219906032085419,-0.014326930977404118,-0.8684995174407959,-0.47709715366363525,-10.032143592834473,0,0,55.629676818847656,1,1,998,998
IMU,65000249,-0.220273956656456,0.10440254956483841,-0.062142521142959595,-0.8515625596046448,-0.3085925579071045,-9.90992259979248,0,0,55.62971496582031,1,1,998,998
IMU,65040767,-0.16429036855697632,0.11779917776584625,-0.017581839114427567,-0.7992649078369141,-0.2084851861000061,-9.644170761108398,0,0,55.62931442260742,1,1,998,998
IMU,65080784,-0.044752366840839386,0.11689433455467224,0.025625009089708328,-0.7355965375900269,-0.21868160367012024,-9.388787269592285,0,0,55.628509521484375,1,1,998,998
IMU,65121570,-0.024689126759767532,-0.0019131277222186327,0.04656707122921944,-0.6416095495223999,-0.38515985012054443,-9.225072860717773,0,0,55.6278190612793,1,1,998,998
IMU,65162063,-0.13016413152217865,0.02038837969303131,0.02923319861292839,-0.8820111155509949,-0.36749762296676636,-9.324319839477539,0,0,55.62699508666992,1,1,998,998
IMU,65202089,-0.10116864740848541,0.034184955060482025,-0.004534923005849123,-0.7873110771179199,-0.2809414565563202,-9.220914840698242,0,0,55.626556396484375,1,1,998,998
IMU,65243156,-0.023918312042951584,0.07812841236591339,0.0005930479383096099,-0.7672505974769592,-0.21059654653072357,-9.004566192626953,0,0,55.626564025878906,1,1,998,998
IMU,65283039,-0.15263432264328003,0.011941100470721722,0.007757684215903282,-0.7440006136894226,-0.44179344177246094,-8.943225860595703,0,0,55.6265869140625,1,1,998,998
IMU,65323687,-0.10155396163463593,-0.03575298190116882,0.0014163083396852016,-0.6932187080383301,-0.13564664125442505,-8.904741287231445,0,0,55.62652587890625,1,1,998,998
IMU,65363311,-0.06158717721700668,-0.06809660792350769,0.049307577311992645,-0.6916145086288452,-0.2437090426683426,-8.78073787689209,0,0,55.62568283081055,1,1,998,998
IMU,65403348,0.04616127163171768,-0.0184619277715683,0.008511325344443321,-0.712875485420227,-0.3510682284832001,-8.59735107421875,0,0,55.62537384033203,1,1,998,998
IMU,65444511,0.023480873554944992,-0.06317292898893356,-0.013993281871080399,-0.6106292009353638,-0.35247108340263367,-8.478614807128906,0,0,55.62486267089844,1,1,998,998
IMU,65484433,-0.017660299316048622,-0.13018906116485596,-0.013392111286520958,-0.6342136859893799,-0.2910713255405426,-8.383672714233398,0,0,55.624473571777344,1,1,998,998
IMU,65525196,0.004613728262484074,-0.14069552719593048,-0.019100412726402283,-0.6070273518562317,-0.1118813157081604,-8.103394508361816,0,0,55.62428283691406,1,1,998,998
IMU,65564470,-0.11352717131376266,-0.13525094091892242,0.02593531832098961,-0.5414803624153137,-0.4384862780570984,-8.188918113708496,0,0,55.62418746948242,1,1,998,998
IMU,65604615,-0.06333259493112564,0.044763874262571335,0.018029209226369858,-0.7612876296043396,-0.046745628118515015,-8.087356567382812,0,0,55.625057220458984,1,1,998,998
IMU,65645102,0.07998540997505188,0.17026638984680176,0.032913535833358765,-0.6424814462661743,-0.09904202818870544,-8.068929672241211,0,0,55.625972747802734,1,1,998,998
IMU,65684810,0.08686167746782303,0.23811954259872437,0.007304692640900612,-0.688828706741333,-0.1696237027645111,-7.847479820251465,0,0,55.6264762878418,1,1,998,998
IMU,65725648,0.0011904998682439327,0.14693479239940643,-0.0349460169672966,-0.7028546333312988,-0.43628567457199097,-7.861616134643555,0,0,55.626705169677734,1,1,998,998
IMU,65764759,-0.050811734050512314,0.17343991994857788,-0.034073606133461,-0.6719505190849304,-0.20947888493537903,-7.890382289886475,0,0,55.62733840942383,1,1,998,998
IMU,65804783,-0.014294887892901897,0.21076373755931854,0.003669463098049164,-0.6896005868911743,-0.07636194676160812,-7.757880687713623,0,0,55.628177642822266,1,1,998,998
IMU,65844869,-0.0030138003639876842,0.2953411340713501,0.017216570675373077,-0.5112673044204712,-0.22336353361606598,-7.540517330169678,0,0,55.62937927246094,1,1,998,998
IMU,65885121,0.024169553071260452,0.30109506845474243,-0.018320059403777122,-0.6452085971832275,-0.18285951018333435,-7.7291059494018555,0,0,55.6304931640625,1,1,998,998
IMU,65925525,-0.10119052231311798,0.23076772689819336,-0.012760560028254986,-0.5848528146743774,-0.3728683888912201,-8.036251068115234,0,0,55.630714416503906,1,1,998,998
IMU,65964718,-0.04263223707675934,0.19825594127178192,-0.020234882831573486,-0.6467708945274353,-0.013987088575959206,-8.25002670288086,0,0,55.63188552856445,1,1,998,998
IMU,66004748,0.060119129717350006,0.1873256415128708,0.005740154534578323,-0.7107916474342346,-0.09272871166467667,-8.335713386535645,0,0,55.633506774902344,1,1,998,998
IMU,66045814,0.1103028804063797,0.2639596164226532,0.03590497747063637,-0.8329123258590698,-0.1858092099428177,-8.42570972442627,0,0,55.635833740234375,1,1,998,998
IMU,66085480,0.034461524337530136,0.19981753826141357,-0.0031181916128844023,-0.5367217063903809,-0.3256181478500366,-8.410618782043457,0,0,55.6381950378418,1,1,998,998
IMU,66126338,-0.07142861187458038,0.09790625423192978,-0.028741177171468735,-0.6039739847183228,-0.28837502002716064,-8.687480926513672,0,0,55.63990783691406,1,1,998,998
IMU,66166655,-0.0945982038974762,0.10315664857625961,-0.024959877133369446,-0.697759747505188,-0.07994671165943146,-8.967860221862793,0,0,55.63982391357422,1,1,998,998
IMU,66206609,-0.053660474717617035,0.17007765173912048,-0.02428068220615387,-0.6457377076148987,-0.17022252082824707,-9.015162467956543,0,0,55.63972473144531,1,1,998,998
IMU,66247238,-0.08172901719808578,0.11831805855035782,-0.022175684571266174,-0.5508138537406921,-0.24974454939365387,-9.095571517944336,0,0,55.639503479003906,1,1,998,998
IMU,66287137,0.04306727275252342,0.02904506027698517,-0.03330148011445999,-0.48029276728630066,-0.0669037252664566,-9.207555770874023,0,0,55.639522552490234,1,1,998,998
IMU,66327723,-0.025255050510168076,-0.03614261746406555,-0.010835561901330948,-0.6611205339431763,-0.23478963971138,-9.403345108032227,0,0,55.63956832885742,1,1,998,998
IMU,66367650,-0.08997759968042374,0.022010648623108864,-0.02968694269657135,-0.6926047205924988,-0.25085288286209106,-9.493857383728027,0,0,55.64055633544922,1,1,998,998
IMU,66407568,-0.02806226909160614,0.020473740994930267,-0.0027162963524460793,-0.5636041760444641,-0.03558063507080078,-9.572678565979004,0,0,55.64042282104492,1,1,998,998
IMU,66449046,-0.009062296710908413,-0.02915230579674244,0.056589361280202866,-0.5521866679191589,-0.10564852505922318,-9.670343399047852,0,0,55.639617919921875,1,1,998,998
IMU,66489071,0.19076594710350037,-0.1635945439338684,0.07721889019012451,-0.5816949009895325,0.021417906507849693,-9.630128860473633,0,0,55.6389274597168,1,1,998,998
IMU,66529606,0.06486466526985168,-0.18739181756973267,0.11776827275753021,-0.754033088684082,-0.2899894714355469,-9.807506561279297,0,0,55.638004302978516,1,1,998,998
IMU,66568855,0.020898133516311646,-0.004800443537533283,0.019346730783581734,-0.9564961194992065,-0.33107292652130127,-10.077930450439453,0,0,55.637420654296875,1,1,998,998
IMU,66608845,0.021646153181791306,0.021716831251978874,-0.0379486083984375,-0.6879361271858215,-0.03649045526981354,-10.092904090881348,0,0,55.63667678833008,1,1,998,998
IMU,66649120,0.05381910502910614,0.004608634393662214,-0.030011190101504326,-0.6321987509727478,-0.14262713491916656,-9.869837760925293,0,0,55.63461685180664,1,1,998,998
IMU,66689160,0.02583078294992447,-0.013832923024892807,-0.07026037573814392,-0.6919056177139282,-0.3020022511482239,-9.907323837280273,0,0,55.632625579833984,1,1,998,998
IMU,66729680,-0.12138141691684723,-0.03961993008852005,-0.10225053131580353,-0.5527252554893494,-0.32544511556625366,-10.026050567626953,0,0,55.63217544555664,1,1,998,998
IMU,66768795,-0.14912830293178558,-0.0590243898332119,-0.07062463462352753,-0.7034281492233276,-0.15841494500637054,-10.047718048095703,0,0,55.6340217590332,1,1,998,998
IMU,66808804,-0.055824603885412216,-0.06802915781736374,-0.03431997820734978,-0.5338557958602905,-0.12573093175888062,-9.973421096801758,0,0,55.63624572753906,1,1,998,998
IMU,66849286,0.06141272559762001,-0.0015445579774677753,-0.03485991433262825,-0.6043750047683716,-0.1554267555475235,-9.69059944152832,0,0,55.63786697387695,1,1,998,998
IMU,66888868,0.03632505610585213,-0.06780988723039627,-0.04172509163618088,-0.5097436904907227,-0.3474891185760498,-9.643560409545898,0,0,55.63869857788086,1,1,998,998
IMU,66929604,-0.09431300312280655,-0.04634087532758713,-0.07356032729148865,-0.5122364163398743,-0.4590609669685364,-9.681950569152832,0,0,55.63869094848633,1,1,998,998
IMU,66969488,-0.2138098180294037,-0.05949482321739197,-0.06676855683326721,-0.45434796810150146,-0.3246172070503235,-9.774744987487793,0,0,55.638641357421875,1,1,998,998
IMU,67009502,-0.1644067019224167,0.0369393564760685,-0.019750766456127167,-0.5449138283729553,-0.2688347399234772,-9.789161682128906,0,0,55.638938903808594,1,1,998,998
IMU,67049571,-0.103266641497612,-0.011743995361030102,0.04362917318940163,-0.38654324412345886,-0.28054988384246826,-9.740878105163574,0,0,55.63933181762695,1,1,998,998
IMU,67089466,-0.03820348531007767,-0.11739128828048706,0.07521925866603851,-0.31124016642570496,-0.29467931389808655,-9.697656631469727,0,0,55.64018249511719,1,1,998,998
IMU,67130303,0.06720173358917236,-0.1595308631658554,0.07132311165332794,-0.40759849548339844,-0.18671230971813202,-9.697750091552734,0,0,55.64113235473633,1,1,998,998
IMU,67170456,0.11088082939386368,-0.1187501847743988,0.07456525415182114,-0.43491876125335693,-0.3546461760997772,-9.782328605651855,0,0,55.6428108215332,1,1,998,998
IMU,67210362,0.11052289605140686,-0.05514109879732132,0.024765077978372574,-0.3641440272331238,-0.32841622829437256,-9.636503219604492,0,0,55.644813537597656,1,1,998,998
IMU,67250846,0.12118122726678848,-0.12445207685232162,0.006261059548705816,-0.40540939569473267,-0.3806123733520508,-9.6002836227417,0,0,55.64699935913086,1,1,998,998
IMU,67290754,0.022781312465667725,-0.05543069168925285,-0.023144181817770004,-0.43535441160202026,-0.4395959973335266,-9.778339385986328,0,0,55.64942169189453,1,1,998,998
IMU,67331567,0.05660325661301613,-0.034752923995256424,-0.028014373034238815,-0.36070695519447327,-0.28280436992645264,-9.627080917358398,0,0,55.65076446533203,1,1,998,998
IMU,67370791,0.04780153930187225,-0.011481191031634808,0.04006441682577133,-0.3611553907394409,-0.32741010189056396,-9.600822448730469,0,0,55.65304946899414,1,1,998,998
IMU,67410827,0.06072157621383667,-0.01712806150317192,0.043657828122377396,-0.39617931842803955,-0.2798053026199341,-9.727363586425781,0,0,55.65520095825195,1,1,998,998
IMU,67451605,0.012323256582021713,-0.04559680074453354,0.01434938795864582,-0.266728937625885,-0.41785961389541626,-9.627326965332031,0,0,55.6568717956543,1,1,998,998
IMU,67491584,0.009464230388402939,-0.06515631824731827,-0.00713454931974411,-0.40067702531814575,-0.40668439865112305,-9.576169967651367,0,0,55.65807342529297,1,1,998,998
IMU,67532251,0.09928975999355316,-0.07926736772060394,-0.01432056911289692,-0.34498733282089233,-0.3271365761756897,-9.535264015197754,0,0,55.658504486083984,1,1,998,998
IMU,67572079,-0.0069066425785422325,0.025438280776143074,-0.013105395250022411,-0.4158644676208496,-0.44877859950065613,-9.526019096374512,0,0,55.65842819213867,1,1,998,998
IMU,67612110,0.07455660402774811,0.03618413582444191,-0.01941743679344654,-0.24589580297470093,-0.21860980987548828,-9.496997833251953,0,0,55.65840148925781,1,1,998,998
IMU,67652770,0.028552426025271416,-0.025441549718379974,0.0015873507363721728,-0.13959604501724243,-0.4798048138618469,-9.756479263305664,0,0,55.659671783447266,1,1,998,998
IMU,67692655,-0.010563491843640804,-0.08188220858573914,0.005261856131255627,-0.23574264347553253,-0.4769802689552307,-9.81743049621582,0,0,55.660125732421875,1,1,998,998
IMU,67733394,-0.04331028461456299,-0.03888637199997902,0.02390027604997158,-0.3276084065437317,-0.36714452505111694,-9.987948417663574,0,0,55.66032028198242,1,1,998,998
IMU,67772866,0.05220960080623627,-0.015554053708910942,0.022795015946030617,-0.20669156312942505,-0.29733264446258545,-9.856926918029785,0,0,55.660518646240234,1,1,998,998
IMU,67813237,0.044337332248687744,-0.04404202103614807,0.018517231568694115,-0.2215506136417389,-0.441275954246521,-9.707862854003906,0,0,55.66075897216797,1,1,998,998
IMU,67853727,-0.05250944942235947,-0.05625838041305542,0.012560232542455196,-0.2500874996185303,-0.46344760060310364,-9.641195297241211,0,0,55.66135025024414,1,1,998,998
IMU,67893666,-0.10831789672374725,-0.004726150073111057,0.005706336349248886,-0.3952922821044922,-0.30942127108573914,-9.781208038330078,0,0,55.662479400634766,1,1,998,998
IMU,67934288,-0.07147472351789474,0.08841466903686523,0.012629201635718346,-0.3850380778312683,-0.26556384563446045,-9.918557167053223,0,0,55.66448211669922,1,1,998,998
IMU,67974126,0.03701372817158699,0.045210160315036774,0.014948729425668716,-0.11210202425718307,-0.2345658242702484,-9.728652000427246,0,0,55.66646957397461,1,1,998,998
IMU,68013758,0.019612757489085197,-0.03437262773513794,0.03966960310935974,-0.1788647621870041,-0.3217714726924896,-9.630765914916992,0,0,55.66776657104492,1,1,998,998
IMU,68054534,-0.0413530059158802,-0.11551961302757263,0.017728567123413086,-0.1980556696653366,-0.41902241110801697,-9.672783851623535,0,0,55.66900634765625,1,1,998,998
IMU,68094524,-0.029512882232666016,-0.0343419685959816,-0.0209310632199049,-0.3512294292449951,-0.18883758783340454,-9.73568344116211,0,0,55.670265197753906,1,1,998,998
IMU,68135427,-0.013274970464408398,-0.026112820953130722,0.017804216593503952,-0.18265828490257263,-0.27189549803733826,-9.726801872253418,0,0,55.67213821411133,1,1,998,998
IMU,68175825,-0.02767680212855339,-0.013806391507387161,-0.009477593936026096,-0.24547329545021057,-0.44400015473365784,-9.788012504577637,0,0,55.67362594604492,1,1,998,998
IMU,68215807,-0.06779255717992783,0.022597022354602814,-0.013614200055599213,-0.3388388752937317,-0.36683958768844604,-9.708564758300781,0,0,55.6752815246582,1,1,998,998
IMU,68256093,-0.11845361441373825,0.10661095380783081,0.007622538600116968,-0.2119859904050827,-0.37014704942703247,-9.647733688354492,0,0,55.67782974243164,1,1,998,998
IMU,68296291,0.0016619230154901743,0.048850417137145996,-0.006004932336509228,-0.12078285962343216,-0.11934949457645416,-9.662796974182129,0,0,55.678466796875,1,1,998,998
IMU,68336773,-0.002356843324378133,-0.02070479281246662,0.02225619927048683,-0.17178478837013245,-0.4265996217727661,-9.66678237915039,0,0,55.67703628540039,1,1,998,998
IMU,68376065,0.011394117027521133,-0.04165861755609512,-0.0024423766881227493,-0.30020150542259216,-0.3852201998233795,-9.849953651428223,0,0,55.67613983154297,1,1,998,998
IMU,68415833,-0.04550366848707199,0.06884010136127472,-0.011508382856845856,-0.32214459776878357,-0.30938950181007385,-9.89255428314209,0,0,55.676361083984375,1,1,998,998
IMU,68456699,-0.010768081061542034,0.07853582501411438,-0.04342186078429222,-0.18107803165912628,-0.2572547197341919,-9.827241897583008,0,0,55.676578521728516,1,1,998,998
IMU,68496571,0.03700970858335495,0.015007300302386284,-0.029434684664011,-0.11253514885902405,-0.3315547704696655,-9.798876762390137,0,0,55.676753997802734,1,1,998,998
IMU,68537173,0.02052677609026432,-0.01432992983609438,-0.006130515597760677,-0.2671946883201599,-0.18122875690460205,-9.768844604492188,0,0,55.677738189697266,1,1,998,998
IMU,68576689,-0.014582563191652298,-0.014787307009100914,0.004115239717066288,-0.20757903158664703,-0.4230876863002777,-9.854772567749023,0,0,55.67635726928711,1,1,998,998
IMU,68616719,-0.054260313510894775,0.039572086185216904,-0.005123383365571499,-0.26720669865608215,-0.2933688461780548,-9.771177291870117,0,0,55.675594329833984,1,1,998,998
IMU,68656589,0.0165398046374321,0.0725230872631073,-0.017718147486448288,-0.2687242031097412,-0.16030216217041016,-9.834714889526367,0,0,55.674476623535156,1,1,998,998
IMU,68696444,0.020608549937605858,0.10449260473251343,-0.006521484814584255,-0.1299629509449005,-0.3807605504989624,-9.711832046508789,0,0,55.674522399902344,1,1,998,998
IMU,68737202,0.0016424907371401787,0.05526302009820938,-0.0026988647878170013,-0.20820283889770508,-0.3145637512207031,-9.82554817199707,0,0,55.67587661743164,1,1,998,998
IMU,68776398,-0.001457265461795032,0.02313998155295849,-0.0043265316635370255,-0.24069230258464813,-0.26448506116867065,-9.809988021850586,0,0,55.67718505859375,1,1,998,998
IMU,68816717,0.03400300443172455,0.07250098884105682,0.03876485675573349,-0.29506710171699524,-0.28118738532066345,-10.010948181152344,0,0,55.67747497558594,1,1,998,998
IMU,68856753,0.06689544767141342,0.12629953026771545,0.05033918470144272,-0.2601352035999298,-0.41389280557632446,-9.903563499450684,0,0,55.677581787109375,1,1,998,998
IMU,68896682,0.01638426072895527,0.1574299931526184,0.033476345241069794,-0.1581064909696579,-0.2903393507003784,-9.760797500610352,0,0,55.67759704589844,1,1,998,998
IMU,68937241,0.038318730890750885,0.04621858522295952,-7.58357928134501e-05,-0.22932179272174835,-0.3193645477294922,-9.809209823608398,0,0,55.678890228271484,1,1,998,998
IMU,68976528,-0.031767118722200394,0.09575655311346054,-0.005956551991403103,-0.3713441491127014,-0.44372323155403137,-9.76218032836914,0,0,55.680301666259766,1,1,998,998
IMU,69016428,-0.10150257498025894,0.17984890937805176,-0.048369914293289185,-0.34421515464782715,-0.2653346061706543,-9.901847839355469,0,0,55.682186126708984,1,1,998,998
